Media Filename,Media Caption
media/A88F2F9C-26B6-4238-B472-31384838D4F6.jpg,""
media/511AB234-4905-46B3-B53F-EC1B0B553662.jpg,""
media/F0CA3825-AE9F-4B45-BD21-9277F12184D8.jpg,""
media/EEF08439-9D5B-4987-9873-621A1DFD3014.jpg,""
media/DD6662D8-FD7E-4EEE-8AB5-99838B8F28DB.jpg,""
media/5B68F5C8-7E4E-4786-B789-CDFA4404141F.jpg,""
media/AF16A598-F2CF-4B7D-843F-4588D31EA517.jpg,""
media/6A59C723-A5E7-435F-8CDB-AC79B33D4B50.jpg,""
media/D78FE82B-C5AE-48AC-8F9B-E86E52DA318F.jpg,""
media/42C8B17A-C7D2-49FF-A707-41B8AA235693.jpg,""
media/5BF2443D-E777-4808-9D34-D1F85FABDEAC.jpg,""
media/DFCAAC96-9056-45FA-9A8B-5629266F31CC.jpg,""
media/98E8619B-C6E4-4E9E-BE5C-B563E4C98B70.jpg,""
media/60E35FD6-7EF5-4A53-A4DD-36046A0D9202.jpg,""
media/C843DE97-059E-46ED-85A4-2B2AFC288DB9.jpg,""
media/FB2C7EC0-F5FD-4BCA-8BE1-6F3AB9722390.jpg,""
media/F1CC5E0E-BE0F-4BC3-81D7-1BBE15F1E8A0.jpg,""
media/687ADD25-7A95-4D75-BCE7-5573EDC73D67.jpg,""
media/9D32D7BD-356D-4A9C-8E9B-4E55AB705DAE.jpg,""
media/1EE1BC86-C468-4E96-8D1B-FEDE2EFB26E0.jpg,""
media/603A28B6-3FC9-4E43-AA73-79E27B0EA68E.jpg,""
media/0F478389-0AE6-45C8-8D84-61274998E064.jpg,""
media/FB91DF1A-B521-4267-874E-CE351EF23358.jpg,""
media/5E98CBD7-51C8-4243-A61C-604FD9944254.jpg,""
media/F1E59B61-9B94-406C-B4DB-8F4360CD8E75.jpg,""
media/85291F85-3DED-4854-B614-7C2188FDD8F6.jpg,""
media/7C661386-A2FA-4AED-AC21-E9AEA5E6497F.jpg,""
media/69E851B6-8B80-4A1B-82B5-ABD3EF5D5227.jpg,""
media/2C8E3FAD-EA12-4796-8DE4-B952A51062D5.mp4,""
media/EBCE36DC-4674-4585-BAED-0018B7F51D20.jpg,""
media/480B4086-65AA-4CE6-9CD8-10E9143903F4.jpg,""
media/D7936126-61B3-4035-862F-A033962A210E.jpg,""
media/2C1A4503-6CE5-4875-858C-89F4AE1D614F.jpg,""
media/16C4567E-564E-408D-AEBE-75F4D36AFC81.jpg,""
media/3FF80830-463F-4DE0-BF64-4DAA290359EE.jpg,""
media/5E8ACAD6-D603-44EC-B4E3-18785B630132.jpg,""
media/55278C3F-70D1-40BA-9110-9BD97B90D67B.mp4,""
media/F9200B1B-3E73-4A31-AB45-BA30B9214414.jpg,""
media/3040F726-7F41-408A-B1FF-5548F079B0C7.jpg,""
media/6C5AB11E-866F-4B0D-AB0E-9B7A5D56AE35.jpg,""
media/C2892ED9-5D3E-4B35-B1AD-A3E28E6FCABE.jpg,""
media/D77EAE2E-E54B-4F95-B229-6CCD0C865A07.jpg,""
media/1668055B-DF0C-48E7-A2EB-0EF5620AE9B4.jpg,""
media/658DF6BF-F037-4880-B4B6-FC55D61FF413.jpg,""
media/1C8848F7-B1F8-4763-87B5-2E92F0E9E233.jpg,""
media/8C8D2D20-B810-4E42-A1AD-8F8F25F11D15.jpg,""
media/43E343DF-8181-4606-BF82-F35E814F62A8.jpg,""
media/6FA5DC0E-BF21-4372-80DA-D1DCBC0183E9.mp4,""
media/A80D419F-BC0C-41A7-A929-3F2660ED56A0.jpg,""
media/7435680F-F60C-4DEC-8DFB-24FD49572480.jpg,""
media/28ED29FD-EF30-4C22-8AD9-46C1C17F7B73.jpg,""
media/B5AF002D-30AB-44B7-B874-60FAE7154EDE.jpg,""
media/7C40FBF8-16D3-4EB3-B769-E4DE905D7495.jpg,""
media/53919109-27A0-4569-87F0-83D3ABCB79C8.jpg,""
media/B8A33663-2B1A-4B6B-BC42-15B77F2AD590.jpg,""
media/B6174415-AE51-4882-A6AD-39286475A129.jpg,""
media/A5164655-EB44-428D-B062-CD890DB4E493.jpg,""
media/B0399ED0-FDBB-4028-AD43-D268F2A6121C.jpg,""
media/50A38CF7-431F-4E80-97EF-A3E3B2770C52.jpg,""
media/81267A08-383A-45FB-8F8B-7FC985B29A3F.jpg,""
media/63A66A89-DAEF-4BC0-9B22-0EB257CAC260.jpg,""
media/37488DAC-96AB-40CD-8090-56BA481BCC1A.jpg,""
media/16C949BD-B030-4BD1-9FAF-1767EA104C30.jpg,""
media/37103D09-F41D-4FA9-826C-E64A12FCD983.jpg,""
media/98B0231F-A2E2-4846-A12A-28F4E99F07A5.jpg,""
media/CB8A8BCB-416D-4C10-8208-3E6A774E9F3A.jpg,""
media/D9C0B22E-94CC-4371-B327-77E7B429BB78.jpg,""
media/88CF0BB1-3EC4-450F-A910-D6C2FDAA60C8.jpg,""
media/BD5121D0-9410-41AF-8530-AE6996CA5E68.jpg,""
media/29CAB131-84B6-45EA-B05F-D24E8DF8C2DA.jpg,""
media/E06DF8F6-13D3-4EBC-A245-051F7299FDCD.jpg,""
media/546C8B05-B54B-4CE6-9B05-0778BA248D8E.jpg,""
media/F710A4B6-591F-483E-A98E-4F55BAD47BE7.jpg,""
media/CF5C7D27-772C-455E-A6A8-6C60734E657F.jpg,""
media/2C53C2ED-72B9-48BA-9798-F238396960B0.jpg,""
media/5845A529-4045-45FE-BD1E-614C2CE87346.jpg,""
media/10FC8976-A917-4E51-9A7C-5F7DE35096EF.jpg,""
media/96F108F7-8136-48F0-B4F4-7FEA2EE6B975.jpg,""
media/6C42637A-A815-4859-A5DB-C61F2D28250A.jpg,""
media/17E02ADF-4517-49C4-8C75-ACCA9BBB7F74.jpg,""
media/6435F48C-DCF4-4ECF-B869-9A30995CA60A.jpg,""
media/BFB05B7F-8359-46E6-96A8-6AB911F898CF.jpg,""
media/AE3349A2-5618-4B08-ABE0-E0D6A397814F.jpg,""
media/92322E10-2828-4042-900D-407AA037FFAC.jpg,""
media/6E886BF6-E61E-40B1-B1D4-CE156CB63E99.jpg,""
media/DB078CF5-A66E-42A3-ADE4-F28885020A5D.jpg,""
media/3A9EF0F3-A97A-401E-B3D7-4B2478C6B41E.mp4,""
media/D09C7625-1692-488C-A5C2-4CDF2616D218.jpg,""
media/91B8348A-7C87-45B4-8828-D0929CBF9095.jpg,""
media/1AB447D6-B589-4EF9-8472-4908D54A2FEA.jpg,""
media/6E633322-3404-42AD-ABBC-AABEEE9D37A8.jpg,""
media/48B0BB99-5648-4076-A4FA-8B83E5E2B1BF.jpg,""
media/F1C7B910-289E-488F-971E-A71F7F3A6E14.jpg,""
media/DA8AF3AA-B68B-4BEA-85A2-7B5821D674B8.jpg,""
media/409BEE1D-D9E5-4826-B95C-9CCEC123195E.jpg,""
media/76D1E1D8-6121-4922-AA4F-DD6A907815D7.jpg,""
media/8B940172-5D8C-45C1-B807-E37008ED817A.jpg,""
media/4F88D9E3-9DE8-48C6-B150-0CF7C46BD4B5.jpg,""
media/149471D2-A181-45B0-A115-529C53D39D91.jpg,""
media/5F2B7945-3B38-429A-8A78-ECF91D963BA5.jpg,""
media/223CAFF6-6AB0-407C-95D4-882AB5FA1FE3.jpg,""
media/EDD77547-66B6-4390-8BC9-BCFA119E8EB9.jpg,""
media/A79EAE8F-8C4C-4E14-8108-699CE951F6BD.jpg,""
media/5FA3C8ED-F69A-4AE1-A657-F64CE0FC6C0A.jpg,""
media/14930ADC-6790-42C2-9877-2FDAF6A4AC77.jpg,""
media/9486DD00-62F3-4E3A-958F-AB41FB9EF34F.jpg,""
media/F6B549E6-6B42-4D54-AE2A-3A3D30CA2C97.jpg,""
media/AD342871-E437-41D4-B5D2-51CBD45719C9.jpg,""
media/B1D18B9C-698B-4D08-B142-A9BCE996D4CF.jpg,""
media/D0F46C7C-4FBC-45DC-ADE1-97FB412E195C.jpg,""
media/C334C448-5746-4600-8979-3165B9EA6653.jpg,""
media/98685814-ACED-4550-8AD3-F3B561274493.jpg,""
media/DEB9FCD6-F3C1-4641-9C8A-FE3ED027B429.jpg,""
media/CC72B277-BA20-4446-9C1C-4D78179C2EE3.jpg,""
media/D8CB099E-527C-420B-9BD7-99561F0EC7DD.jpg,""
media/4BA0254B-8500-438F-9F82-5978E3EF1473.jpg,""
media/7DFA9561-7D70-4F9F-9876-CBC020A0E614.jpg,""
media/B9D0EBAE-F9FD-4EA0-A096-B0B8506D324B.jpg,""
media/C82F3D43-D8AB-4EEB-9368-FA2475BEE05D.jpg,""
media/B206626B-4126-4DAF-A99E-39F3E379FD25.jpg,""
media/F455DC29-ED89-4CAB-9F90-E7B7CEF73006.jpg,""
media/22D96978-3898-4DA4-90B1-4E4E9F3835A8.jpg,""
media/588C99DF-B880-43C1-85AE-C5C0EF52E099.jpg,""
media/AC65B5E9-0221-4252-959F-074F42AAEABE.jpg,""
media/D88E566F-CE93-48B3-A992-A43D684BC29B.jpg,""
media/993C61D2-7600-4AA8-AC63-B385F5CAC98E.jpg,""
media/FE661C89-9109-4789-BC4B-5FC2477C0972.jpg,""
media/D63D2F4B-CBF3-4BEE-860D-50E8846016E3.jpg,""
media/3C889E09-8B75-4EE6-97E9-0C4D99EAC5CD.jpg,""
media/6CD876F2-3699-4421-B14C-ADDC5E8D9E68.jpg,""
media/6FE96BC5-C645-4C97-A97F-76490AFD4BD5.jpg,""
media/40CF6322-A56F-48E9-B366-5E659FB6B8B5.jpg,""
media/694A352C-E3E2-4789-A04D-D9E0F704CE7B.jpg,""
media/74A668E7-9A8A-48E7-B562-9758BABFFB3B.jpg,""
media/11D87E4A-00FC-499B-BA91-BE551523D033.jpg,""
media/43B5240E-45AB-4F93-9735-4DEEF0248ADC.jpg,""
media/E31A3BDA-F88B-4C8D-AF96-CC940909BF5A.jpg,""
media/766800F9-D2B5-4E6C-8EDC-5684CE80EC67.jpg,""
media/53135DFF-60B9-417D-8F12-31FE0F6DA0E2.jpg,""
media/22777188-8EF1-4CE4-8565-895C91A3B4E6.jpg,""
media/C73B2773-33F6-4612-B33A-8A6AD70B2DE5.jpg,""
media/2DA8A174-1E59-4DD9-859D-2068FCADB847.mp4,""
media/6ABFFB2F-0E9E-4F99-93C8-14D63982CF95.jpg,""
media/EB5468D6-46C5-45B8-9D63-9A5548CE72DF.jpg,""
media/091481CB-3C41-42EA-BBD4-D35F85C26E4B.jpg,""
media/90D5BC36-C808-44E1-920F-9C616F6B6559.mp4,""
media/CFC69EB5-C3A7-49B2-A08B-6B9A7C206FDD.jpg,""
media/4575E743-71F4-4E10-947B-E9AC706372E9.jpg,""
media/19E11DF7-5A67-4043-A59C-B80A3B2D0FA0.mp4,""
media/131EE87C-FA32-440C-9F54-728769F0AFBC.jpg,""
media/6A517F9D-967B-4439-B120-378471457F13.mp4,""
media/C32BEEAE-9EB6-4CCC-8E16-20E0474C5E88.mp4,""
media/67355D90-0CCA-44CB-B6D1-9479D16AEFBF.mp4,""
media/6C0200CB-E2B9-46FF-950F-218CF16BBE02.jpg,""
media/DF7ED063-0C8B-45F8-B49B-2A4FBEC6300F.jpg,""
media/5B739533-F343-421C-9A44-6F42B8DBB436.jpg,""
media/60D6FA78-A1B6-4D9D-A598-99CFC5C0F6A9.jpg,""
media/B008DF8C-F6CF-44DE-B139-48F04B20D71C.jpg,""
media/EAF01591-1903-4A9F-B792-4F925FA7BCCC.jpg,""
media/38A02B32-888B-4651-AE9A-8B69F6E59488.jpg,""
media/07781DA0-C7A1-4AB8-B7E2-B40EA2C326E4.jpg,""
media/56251251-C798-4EE2-BF90-D62CFFCF1F28.jpg,""
media/6D2BD833-5B72-41A5-89DA-211D438C477E.jpg,""
media/2A966A89-6010-4B7A-8740-B8178D7DA397.jpg,""
media/5859F415-0530-4241-BE6E-A21229E36677.jpg,""
media/D9D14A40-606F-4F70-A502-F9CFD6E032C8.jpg,""
media/1B9EB0CF-05F4-4C96-8C86-CC52D47F0FC0.jpg,""
media/6B62C2A8-10D9-4ECD-BA70-05F2A36C1ECD.jpg,""
media/627C6B7C-E805-4E74-90F7-13B6509194DC.jpg,""
media/88A4D1C9-8122-45C5-ACC8-431D2FC61D9A.jpg,""
media/335B0F0E-7C5B-4D44-8F97-1C134A6BA04A.jpg,""
media/78EA879C-BFC9-417C-B6EF-BD83E1D02FB0.jpg,""
media/54E68047-CA93-47D8-B519-1D7E428EEF67.jpg,""
media/DCAC3937-A14F-4320-84B2-A805B4116124.jpg,""
media/AD310DC3-B91C-4025-8DC0-CFF109D1A126.jpg,""
media/334B5C54-4806-4FFC-A0EA-B6F52233D70F.jpg,""
media/3033CA12-EB67-411E-A667-9220C5D2F20F.jpg,""
media/C907B22F-9AF8-4FB9-8226-677FECA9C429.jpg,""
media/F15E23EC-3361-4398-BF7B-AB55FF4F1876.jpg,""
media/5567FDF3-4CFB-4490-BF6F-CF0BF2D0F670.jpg,""
media/E6788893-B1F4-471E-8DF9-B9E83759CD56.jpg,""
media/27F55183-50FD-4C7A-891C-D1E3D660555B.jpg,""
media/950CBD27-3CB6-4643-A41D-C0EF094FBD05.jpg,""
media/D5111832-27F2-4C1E-B9BF-1C9CD4031417.jpg,""
media/FB1DDBDB-7E6B-479C-AAED-2A7470E003E4.jpg,""
media/4CA47822-A741-4A7C-98A9-36FF7A853468.jpg,""
media/9677F57F-0BEB-4EF1-BC95-C6EC979A4307.jpg,""
media/FD1BEC79-3A42-4D87-BFF4-B7BD20AD924F.jpg,""
media/4E1177BA-F649-4F21-8D86-AFC0289FED81.jpg,""
media/AA7E387D-4AA6-4427-B43D-13AB413B1CB2.jpg,""
media/27CF9C97-25D5-4AD8-9404-057D8F8DEF16.jpg,""
media/76C11703-6638-44E4-A9D7-4251D5ABC7FF.jpg,""
media/727321CA-924F-4998-B7AF-61E21A131892.jpg,""
media/065F6A03-9547-4AEA-BEAF-C1F7009EDF51.jpg,""
media/96322544-AB33-4AD3-A287-036218E9873E.jpg,""
media/4FC9240A-DD49-4341-BD8A-4FE57ADB4310.jpg,""
media/CCC5C68A-29A5-42D6-97D3-D950CE58D8F8.jpg,""
media/AE1FE2CA-4870-4859-B64F-D70AC38A972B.jpg,""
media/6F02532D-F271-4964-BC3F-8EE359B8F9CE.jpg,""
media/C123C44F-6FB1-4738-B21E-C41F9C8AA23E.jpg,""
media/E187F168-1462-448C-A223-D174BA212BF7.jpg,""
media/841A1364-0421-42D9-A974-4C1ECA18005A.jpg,""
media/A879D30D-BA48-4774-AEE1-67C72DA225CB.jpg,""
media/1370D122-87A5-448C-8149-F443D3FC2A3B.jpg,""
media/A18624BC-F693-4BF0-A83B-F112D3977C63.jpg,""
media/6E2D6650-F5CE-4E78-A80A-4F652D6D9708.jpg,""
media/4460CBE7-34A4-44C2-861C-62C6A778880E.jpg,""
media/E1A39A68-00AA-4AC5-8B92-EFAF6A7D5C8C.jpg,""
media/6DC74EB0-5FE6-4B74-BDFE-4B9AA07118F6.jpg,""
media/FADFBB58-84D8-4CF6-B638-7685E773225E.jpg,""
media/BB50B038-FD8F-419B-8552-82F06748052A.jpg,""
media/8838C02A-23B9-4933-9872-286E45DB90FA.jpg,""
media/B8DBE701-BBB0-4EEC-977F-E876A955E771.jpg,""
media/6177472C-EDD7-41AE-84BC-452CFC84289B.jpg,""
media/F59FDF6A-E4D5-436F-AC1E-7B09B97E821C.jpg,""
media/10209539-7A49-4068-B1A8-47B359DAEE84.jpg,""
media/388754cb-3d52-4c3d-97c3-0990d02a0c66.jpg,""
media/E11B9108-0687-4643-B181-6F0ADB90146E.jpg,""
media/C98333CA-BBF4-49A0-AE75-7753CFDD3B31.jpg,""
media/51c1ed7c-68cf-44a7-9e7e-6c8bd7643520.jpg,""
media/594e40f9-1845-430b-8baf-302818bc07b3.jpg,""
media/F765B98F-B75C-4041-9176-CD1EBAC103AC.jpg,""
media/8cafe1c1-e810-4c8d-8e85-b91f469873db.jpg,""
media/570f265b-25d6-4043-9625-f9ba8e04674e.jpg,""
media/3463150e-b8e8-4be1-b391-0dccba823e08.jpg,""
media/2cca443d-f00a-496d-a4ac-dda58edc253a.jpg,""
media/1c35b8df-035f-4e7c-b688-c2833ac622a8.jpg,""
media/76B20136-51FC-45D2-86D9-9C35C01965F4.jpg,""
media/6D45CC20-13E1-42A6-A856-670992CDAFEE.jpg,""
media/9FE27C2A-5CA2-4556-BE77-6FD1243A33D1.jpg,""
media/420CEF57-FF93-41C2-A5E1-428837BD3A7E.jpg,""
media/FD373225-1A90-408C-A52C-6D4A0BC6C108.jpg,""
media/EBC3ABE7-C057-4A79-A60F-5411CEC3E510.jpg,""
media/02390EB9-B805-46C7-BE12-14FB7E416AAE.jpg,""
media/5FFC5F24-0A77-4F57-A15D-BC14A5CDD911.jpg,""
media/F8362103-A98C-4A32-8C95-00F7C1B12051.jpg,""
media/1E13FC73-0094-45E1-8FCD-DED69E8979CA.jpg,""
media/7D2439A8-4A0C-49C2-BF89-614F5555D9F1.jpg,""
media/76B6ED3B-2667-4C64-B3FC-E4C01243256A.jpg,""
media/4D162B2D-4385-4F05-812C-C8775CF2551F.jpg,""
media/F81A53B9-F07E-4917-B9A9-99ADC86C7333.jpg,""
media/27E10712-25F5-4149-A1F9-5417A65A6994.jpg,""
media/CFA02D6B-9AE2-4E28-AAD5-6647C9A5BB35.jpg,""
media/485DD6FB-A09E-4DCA-8F18-7CD337BA138D.jpg,""
media/0832C74D-0712-4C9A-B68D-025F03EA7E68.jpg,""
media/D8F42E0C-8592-4EA8-8779-3264B13CCFED.jpg,""
media/735861C9-E80F-4CD6-AB21-5C7C989A0D9F.jpg,""
media/D16492A7-3B03-4A64-AA2F-261FE3138218.jpg,""
media/E836C6EC-BCA0-4AA9-886B-9CC0F81BB131.jpg,""
media/757C250F-0C40-490F-908C-B4E7DB0FAF4F.jpg,""
media/4FE5BFA9-CEAC-45E2-B769-BBB183C04430.jpg,""
media/87BB1EAE-C440-47D8-AC1D-C9802E33074F.jpg,""
media/56A57056-0AC0-455D-A10E-20119A1306DF.jpg,""
media/D2DEF94B-8F71-409C-AD38-D94137573F4D.jpg,""
media/F199063B-D0C1-4708-A9AF-C6C502277832.jpg,""
media/168E765F-39FF-441D-B551-0D1E3BEA2A97.jpg,""
media/D88DF778-5CC8-4D54-8366-2CE092337E2C.jpg,""
media/BDAA4BD6-32D9-4D0E-BEEA-92CC486447EC.jpg,""
media/0AEB0CB4-76D5-4212-A797-0B0E5EFD3F38.jpg,""
media/AAF6528E-71E0-40FB-8ECB-12AD8929D5F1.jpg,""
media/D7C4A561-FB60-4C1C-B08C-9189F664B0AB.jpg,""
media/427B118F-532B-49E9-B803-39F953E3C691.jpg,""
media/F43E16F1-891C-42D1-98C9-87D166AC183E.jpg,""
media/E6C0FA16-7861-4099-848D-C92EF8377172.jpg,""
media/318F5F27-F497-4C38-BDB2-0B581ABF158A.jpg,""
media/DC4FF845-A022-4016-803B-9B9F4B4A6339.jpg,""
media/070FD803-7AD1-4D20-8034-7E9A0F74EF28.jpg,""
media/65A0A56D-A629-4138-9C1E-0F4B5ED59AC2.jpg,""
media/F78510D7-D1B3-4163-AF0D-4EDD162FFD93.jpg,""
media/0D5098E5-21CF-410E-9DC1-44CC70AD818C.jpg,""
media/B0CC6989-75E9-4054-9AB5-2EFB8BA20A19.jpg,""
media/D71FB0A0-677E-44BF-8CE7-2C01C88DC2C0.jpg,""
media/6B337F05-1044-4C32-8D1B-C6A89930FAED.jpg,""
media/65F64929-61CD-4431-9A22-69E5A3816C98.jpg,""
media/A02E833C-DA2D-493B-92B4-C191F7F93CD5.jpg,""
media/2239C69C-12E5-406E-924F-394D59F742CD.jpg,""
media/4AA67CD5-EB4C-497C-965B-5C3E546D196D.jpg,""
media/27DFA0C7-9E57-4AE9-A297-D46F28341126.jpg,""
media/E70A155E-BEB8-45AA-AD61-85F9721772D5.jpg,""
media/7ED47D94-FB72-4E0B-AA18-FE69C87002BB.jpg,""
media/FCAADC62-BAF9-4363-8FED-768259F51EE7.jpg,""
media/5DD55E84-61C9-436E-891E-5985B23D20C1.jpg,""
media/1F4744AA-BBE2-422D-9204-1EB364819FA8.jpg,""
media/05949A6D-B512-4C31-8CAB-257BA8624987.jpg,""
media/30B6E8D3-B71C-49DF-AC16-27027818682F.jpg,""
media/5BA0C6E8-6CD7-4428-9A5E-6814F76E1295.jpg,""
media/DCA1BF51-140A-4FA6-AFE5-F36FC19B8D9C.jpg,""
media/5BFD1006-51D9-4E06-A56A-60871849DDF0.jpg,""
media/1B1FE47F-09E8-48DE-89E0-A0EDF24C418B.jpg,""
media/257692A6-E400-4936-94AF-08B20BA92777.jpg,""
media/0E616FEF-2481-48D2-8350-E21DCD1AFE33.jpg,""
media/8C0388BC-A474-4B9D-B797-28F4E6FDC3E5.jpg,""
media/D95EE38F-37D4-4BBA-8B38-769856B1F37B.jpg,""
media/DD6C72B0-5059-46ED-8B00-66FFBF4B1C6B.jpg,""
media/79770EFF-EF58-4770-B202-8C803C7C0E77.jpg,""
media/C345A9B1-B77E-4493-9FAD-3A0C95D20768.jpg,""
media/440E7D58-AB95-4BC4-8B7A-7B80484BB207.jpg,""
media/6572913A-71B3-4384-B823-124D17A032B8.jpg,""
media/109AB347-A31A-4715-95EB-2D4D0D76E786.jpg,""
media/B5B35F44-E9DC-4C1B-9359-7CBEAE99F756.jpg,""
media/78A79EC7-D270-40DE-9F76-5095625DEEA1.jpg,""
media/4DE7AFB3-FCC5-472A-AB6C-40B4F72573F9.jpg,""
media/969410B6-469D-4592-B37A-C87BE1FD5288.jpg,""
media/C9D89F55-9588-4656-AB33-429D5B62BD0A.jpg,""
media/E54710D0-5DEF-4445-86FB-AEB6F7244A33.jpg,""
media/8EAC9455-2B8C-479C-A283-6F5C86C355C2.jpg,""
media/48842113-A027-460A-A107-2DBA01BF2ADE.jpg,""
media/61E2B06F-38E8-4345-9A65-8117C5F869B1.jpg,""
media/EB45A364-262D-4EE6-946B-E5F28699C640.jpg,""
media/ACC2E667-B7CA-4D30-B65C-EC6C85314643.jpg,""
media/34AA7B8A-FF0D-4D39-ADC7-7926A7C10032.jpg,""
media/7D003EC6-EBEF-4851-B15E-2A8C9ACC0C3D.jpg,""
media/57B0CEDC-E739-4D14-9839-6F219EAD7CB9.jpg,""
media/D793A6FE-91EA-4457-A36E-F4323612265C.jpg,""
media/EEC59E23-08BC-4FAF-80F5-AF7E1079FEC0.jpg,""
media/26E7614C-B570-47E7-8C1E-28E615C48A36.jpg,""
media/A514489B-1BE4-43D3-BD0D-3ED9B01DF549.jpg,""
media/BDC1A644-73AD-47B5-9312-B520D9C77E77.jpg,""
media/48A894EE-DC20-47E6-BA6F-033A6D2EBFBB.jpg,""
media/9748E0C1-BBFC-421A-B239-66B9E5B204AE.jpg,""
media/5A447745-11EA-43FC-BB36-8C8122333E46.jpg,""
media/B60F37E6-36CC-40F9-B64E-28B7F5C2792A.jpg,""
media/714781C9-607A-44FA-8736-87FAD5545040.jpg,""
media/1F98611A-9BFF-4469-8DBE-75E0723B6434.jpg,""
media/B20B35CF-D822-4929-BD0B-3C56BAB75F76.jpg,""
media/1BD59162-9067-42AC-BAEA-7D66FDB15F1B.jpg,""
media/303CFFA4-C647-4CE3-9D1A-05A5590396DA.jpg,""
media/52EDFA13-D530-43FD-AB2E-97864E1E0F1E.jpg,""
media/B7F90FBF-C138-4B31-8030-64EA54FED1C0.jpg,""
media/2CBAB8E3-8D7F-49C8-ACF5-492934802DD5.jpg,""
media/B3F9B569-EB7D-4129-9407-E3D6A7506ADB.jpg,""
media/7698C21C-6526-484A-A829-6F355D7FA5A5.jpg,""
media/10AC621D-F8FD-47F7-A174-644CBA5FCFDC.jpg,""
media/9CE1F8FF-7DD3-443E-A476-ABEFA5227E73.jpg,""
media/0D6D44CA-C47D-47CC-9493-8F7EE3B89535.jpg,""
media/2F6C9BE9-88AE-4039-B5E7-9D083529D08B.jpg,""
media/BCA669D3-26AC-492A-8986-B7AC7C510089.jpg,""
media/FC8BF6F9-7051-494F-ACA6-C24FEC07523F.jpg,""
media/55F955AB-1A88-4286-8A05-0E3276C95C35.jpg,""
media/A99582CF-9659-4C48-8774-A7463B7FC643.jpg,""
media/7CE5FBAB-6B05-417E-825B-0214A1AC307C.jpg,""
media/E273C4C4-F91D-483D-98C7-1D9FE2EB0EFD.jpg,""
media/EBFFDC60-40AC-4196-A7FA-BBCB64BF81B8.jpg,""
media/3E4CE3E3-4888-4751-951B-B7E2A1CF5DCD.jpg,""
media/26B430A1-B516-4C73-9FDE-5A75A1329AE0.jpg,""
media/6EEED40C-70DD-49F1-825A-4EC5233FB34C.jpg,""
media/3AB76C37-B3E4-4877-8505-2DB5B38E8BEF.jpg,""
media/DF426E5E-54BF-4981-96B8-5B4AB6428EEA.jpg,""
media/0C589023-A01E-45DF-AB43-853EC9892AE2.jpg,""
media/492B829A-DF79-44EF-A325-707D1D3B2CCD.jpg,""
media/DBB23BF2-5B84-4848-94CA-0BDA08E6A612.jpg,""
media/06326519-44BA-477B-837F-C27ED2BFB120.jpg,""
media/47F67DB4-6FE1-4E2E-953F-D1C7108AD9CF.jpg,""
media/E30B415C-12DB-4467-AB3E-98A1C99C0AEA.jpg,""
media/EE97F646-DC23-4083-BFEF-7B9B4BC45844.jpg,""
media/E720B661-2A94-4C9D-A577-A8F4B5BC9A1C.jpg,""
media/B78BBED1-2D52-482A-B83F-BA768EF5C367.jpg,""
media/49FD1B85-A1B3-4BE2-811D-81C7A3C2D000.jpg,""
media/C09B0909-201E-42B0-8A97-A4677585944D.jpg,""
media/6D7FE0B3-E0C3-42BC-947C-24B5776B9456.jpg,""
media/B3F0D912-D874-47ED-8213-F6D11284E1B4.jpg,""
media/60CAB739-84D7-4FDE-9E22-A93115293EB5.jpg,""
media/05594487-194E-46BE-ADF3-56A8F61F5DC4.jpg,""
media/149FD640-4362-438D-B1B0-5CBD243B6DDE.jpg,""
media/04017DE2-7799-45E3-95E4-1F72947547EA.jpg,""
media/06EB9E02-72AD-492F-93E2-853E6AE35F6B.jpg,""
media/795A7DDE-EDAB-42D5-AD86-265FD4763F27.jpg,""
media/297BC9EF-5D3B-4448-9687-4A3EB7E86F94.jpg,""
media/F1FE249F-E783-492D-8D26-E4AE1577952C.jpg,""
media/EA562DEF-B3C4-490A-9D05-907651AB5894.jpg,""
media/CE3E90F5-CDE1-4091-B99B-2760AAB89B5E.jpg,""
media/014F38ED-C9A6-4A00-BD7F-37EC8B070712.jpg,""
media/9C376B4A-EFBC-45CC-981B-27E395D4BE32.jpg,""
media/904FF2A7-06D5-4959-9E2B-AB824277D78F.jpg,""
media/29204F11-9DFA-4EEE-B9B8-9DECD63BD341.jpg,""
media/BBF0DCDB-6810-432B-842E-2E4371F97FFB.jpg,""
media/86F49A21-AC13-4CE1-971E-C281A8DFB433.jpg,""
media/647C1A09-13D4-4949-9C7D-49DA62F271D7.jpg,""
media/DB7B87BC-1918-4A0C-A250-598A4D6BC31A.jpg,""
media/0A97AE24-FF51-421C-86E6-DFA992691567.jpg,""
media/81687037-F2AF-4DF6-AD65-02F8E0BF85F9.jpg,""
media/36A78044-2EE9-4475-AD0B-3682AC0EE710.jpg,""
media/EFE6D51A-247B-4D0A-885E-498E9650A5D8.jpg,""
media/79AFC9B3-D10D-48CB-A880-2D1193B13ACD.jpg,""
media/406D861F-3F2B-4D65-8FC8-6D37C2847034.jpg,""
media/4A4EA656-D402-45BC-A4BA-93FD236074ED.jpg,""
media/09B6190C-055A-4106-9989-2D0F0709F43F.jpg,""
media/5D051B19-0231-4DA6-B9DF-CA075127D74B.jpg,""
media/544978D9-98DA-4534-85CB-6ADE26709340.jpg,""
media/C3B18908-72C1-42AB-BA74-B8EA012F55AE.jpg,""
media/A1102832-DB8A-47CC-B264-D885E3799FB6.jpg,""
media/C1457178-BC1C-458E-B8F7-13E9875F0EA9.jpg,""
media/07B1E1CE-EA65-4875-BBCB-2EDC13FC4ED3.jpg,""
media/A2F42968-179E-4196-9E84-54DF5CD904CA.jpg,""
media/1BD8F450-2678-4A44-9DBF-CBA3F81E469F.jpg,""
media/074C15B9-5DE7-409D-AA50-09213D84F637.jpg,""
media/CD88ECDF-9150-4181-B60C-363CC82E8B19.jpg,""
media/9D36D899-9811-4C8D-8167-2A91475A0B0E.jpg,""
media/7018D4BA-CB36-4242-BB27-F5DE0BFABDBA.jpg,""
media/384AB7F7-A3A6-4E77-BA27-2F0A88C16347.jpg,""
media/0FCABAB6-A0DD-4D32-9344-29C0DFB14CE7.jpg,""
media/72874009-1209-4C00-A8B3-99F34AD60953.jpg,""
