Promotion Seen,Timestamp
FeedFollowOptionCoachmark,1590867851
CumulativeStatsFeatureEdDismissButton,1590084327
CumulativeStatsFeatureEdDismissButton,1590084370
CumulativeStatsFeatureEdDismissButton,1590088148
GapActivityDetailUpsell,1597149159
GapActivityDetailUpsell,1610998340
GapActivityDetailUpsell,1611517680
GapActivityDetailUpsell,1695666898
GapActivityDetailUpsell,1695666900
GapActivityDetailUpsell,1695666901
GapActivityDetailUpsell,1705322440
GapActivityDetailUpsell,1705322546
GapActivityDetailUpsell,1710720875
GapActivityDetailUpsell,1710720882
GapActivityDetailUpsell,1710720892
GapActivityDetailUpsell,1715512749
GapActivityDetailFeatureEd,1688230426
GapActivityDetailFeatureEd,1688230538
GapActivityDetailFeatureEd,1688230543
GoalsProfileFeatureEducation,1598145295
GoalsProfileFeatureEducation,1598844440
GoalsProfileFeatureEducation,1598844442
GoalsProfileFeatureEducation,1599280203
GoalsProfileFeatureEducation,1599280204
EvergreenStatsFeatureEd,1616354561
NavigationTabHome,1616850214
NavigationTabHome,1616871404
NavigationTabHome,1619639084
NavigationTabGroups,1617279223
NavigationTabYou,1617581247
NavigationTabYouProgress,1628547435
NavigationTabYouActivities,1616877402
NavigationTabYouActivities,1619305227
NavigationTabYouActivities,1619474202
NavigationTabYouProfile,1618164583
NavigationTabMapsSegments,1655516751
NavigationTabMapsRoutes,1652353582
NavigationTabGroupsActive,1641759989
NavigationTabGroupsChallenges,1617279235
NavigationTabGroupsClubs,1655516763
NavigationYouActivitiesEducationDismissed,1648637416
NavigationHomeEducationCoachmarkImpression,1620685182
NavigationHomeEducationCoachmarkImpression,1620685195
NavigationHomeEducationCoachmarkImpression,1620856835
NavigationHomeEducationCoachmarkImpression,1620862742
NavigationHomeEducationCoachmarkImpression,1620862748
NavigationHomeEducationCoachmarkImpression,1621378107
NavigationYouProgressEducationCoachmarkImpression,1628547435
NavigationYouProgressEducationCoachmarkImpression,1629730533
NavigationYouProgressEducationCoachmarkImpression,1635644181
NavigationYouProgressEducationCoachmarkImpression,1641078174
NavigationYouProgressEducationCoachmarkImpression,1642647553
NavigationYouProgressEducationCoachmarkImpression,1645229364
NavigationYouActivitiesEducationCoachmarkImpression,1648597128
NavigationYouActivitiesEducationCoachmarkImpression,1648597132
NavigationYouActivitiesEducationCoachmarkImpression,1648637407
NavigationTabEducationModalMapsJ2,1652353582
NavigationTabEducationModalGroupsJ2,1641759989
RecordScreenRoutesCoachmark,1629469344
RecordScreenBeaconCoachmark,1630682200
MapSettingsPersonalHeatmapCoachmark,1652353582
MapSettingsButtonPersonalHeatmapFeatureEd,1652353592
MapVisibilityFeedCoachmarkImpression,1662817498
MapVisibilityFeedCoachmarkImpression,1662817503
MapVisibilityFeedCoachmarkImpression,1662895353
MapVisibilityFeedCoachmarkImpression,1662982698
MapVisibilityFeedCoachmarkImpression,1662983903
MapVisibilityFeedCoachmarkImpression,1662983907
MapVisibilityRowReinforcementImpression,1662817503
MapVisibilityRowReinforcementImpression,1662817558
MapVisibilityRowReinforcementImpression,1662895354
MapVisibilityRowReinforcementImpression,1662908799
MapVisibilityRowReinforcementImpression,1662982699
MapVisibilityRowReinforcementImpression,1662983902
MapVisibilityActivityCoachmarkImpression,1636753225
MapVisibilityActivityCoachmarkImpression,1637194373
MapVisibilityActivityCoachmarkImpression,1637194410
MapVisibilityActivityCoachmarkImpression,1637194431
MapVisibilityActivityCoachmarkImpression,1638915806
MapVisibilityActivityCoachmarkImpression,1638915820
WelcomeBackKudosCoachmarkImpression,1646662718
WelcomeBackKudosCoachmarkImpression,1647885435
WelcomeBackKudosCoachmarkImpression,1647952295
WelcomeBackKudosCoachmarkImpression,1647955599
WelcomeBackKudosCoachmarkImpression,1647988274
WelcomeBackKudosCoachmarkImpression,1650987898
WelcomeBackKudosCoachmarkImpression,1652133467
WelcomeBackKudosCoachmarkImpression,1652136225
WelcomeBackKudosCoachmarkImpression,1652136229
WelcomeBackKudosCoachmarkImpression,1653015184
WelcomeBackKudosCoachmarkImpression,1655516723
WelcomeBackKudosCoachmarkImpression,1655580024
WelcomeBackKudosCoachmarkImpression,1655583125
WelcomeBackKudosCoachmarkImpression,1655742030
WelcomeBackKudosCoachmarkImpression,1656820124
WelcomeBackKudosCoachmarkImpression,1656820133
WelcomeBackKudosCoachmarkImpression,1662814152
WelcomeBackKudosCoachmarkImpression,1662817497
WelcomeBackKudosCoachmarkImpression,1662817504
WelcomeBackKudosCoachmarkImpression,1667517888
WelcomeBackKudosCoachmarkImpression,1667521025
WelcomeBackKudosCoachmarkImpression,1667605862
WelcomeBackKudosCoachmarkImpression,1667660335
WelcomeBackKudosCoachmarkImpression,1667663243
WelcomeBackKudosCoachmarkImpression,1670891502
WelcomeBackKudosCoachmarkImpression,1670904552
WelcomeBackKudosCoachmarkImpression,1671016932
WelcomeBackKudosCoachmarkImpression,1671019512
WelcomeBackKudosCoachmarkImpression,1672844807
WelcomeBackKudosCoachmarkImpression,1672848222
WelcomeBackKudosCoachmarkImpression,1672848226
WelcomeBackKudosCoachmarkImpression,1672960466
WelcomeBackKudosCoachmarkImpression,1673015840
WelcomeBackKudosCoachmarkImpression,1673015900
WelcomeBackKudosCoachmarkImpression,1673110745
WelcomeBackKudosCoachmarkImpression,1673110747
WelcomeBackKudosCoachmarkImpression,1679837532
WelcomeBackKudosCoachmarkImpression,1679886347
WelcomeBackKudosCoachmarkImpression,1679914190
WelcomeBackKudosCoachmarkImpression,1679967253
WelcomeBackKudosCoachmarkImpression,1680031830
WelcomeBackKudosCoachmarkImpression,1680231192
WelcomeBackKudosCoachmarkImpression,1688124168
WelcomeBackKudosCoachmarkImpression,1688129266
WelcomeBackKudosCoachmarkImpression,1688303881
WelcomeBackKudosCoachmarkImpression,1688928430
WelcomeBackKudosCoachmarkImpression,1688986392
WelcomeBackKudosCoachmarkImpression,1690107309
WelcomeBackKudosCoachmarkImpression,1690123975
WelcomeBackKudosCoachmarkImpression,1696193126
WelcomeBackKudosCoachmarkImpression,1696599662
WelcomeBackKudosCoachmarkImpression,1696623341
WelcomeBackKudosCoachmarkImpression,1697832157
WelcomeBackKudosCoachmarkImpression,1698667752
WelcomeBackKudosCoachmarkImpression,1703112831
WelcomeBackKudosCoachmarkImpression,1703789607
WelcomeBackKudosCoachmarkImpression,1703820163
WelcomeBackKudosCoachmarkImpression,1703820164
WelcomeBackKudosCoachmarkImpression,1704133357
WelcomeBackKudosCoachmarkImpression,1704137703
WelcomeBackKudosCoachmarkImpression,1704157217
WelcomeBackKudosCoachmarkImpression,1708341382
WelcomeBackKudosCoachmarkImpression,1708341395
WelcomeBackKudosCoachmarkImpression,1708787450
WelcomeBackKudosCoachmarkImpression,1708825468
RouteFromActivityMoreOptionsButtonCoachmark,1637753892
RouteFromActivitySaveButtonCoachmark,1641770755
MapVisibilitySettingCogCoachmark,1646750813
Map3dEducationVisibility,1646747412
WinbackNotificationSeen,1652118406
WinbackNotificationSeen,1653002358
WinbackNotificationSeen,1655421199
WinbackNotificationSeen,1656698440
WinbackNotificationSeen,1661722225
WinbackNotificationSeen,1662761983
WinbackNotificationSeen,1664377982
WinbackNotificationSeen,1672764535
WinbackNotificationSeen,1675103488
WinbackNotificationSeen,1679793453
WinbackNotificationSeen,1680216306
WinbackNotificationSeen,1688068048
WinbackNotificationSeen,1688858235
WinbackNotificationSeen,1689982146
WinbackNotificationSeen,1690459919
WinbackNotificationSeen,1691111168
WinbackNotificationSeen,1696190442
WinbackNotificationSeen,1696551446
WinbackNotificationSeen,1696939463
WinbackNotificationSeen,1697824164
WinbackNotificationSeen,1698615453
WinbackNotificationSeen,1700146309
WinbackNotificationSeen,1703094841
WinbackNotificationSeen,1703788610
WinbackNotificationSeen,1706389555
WinbackNotificationSeen,1708295894
WinbackNotificationSeen,1708733883
MentionsSettingCogCoachmark,1652879460
DirtSportsSportPicker,1657652687
DirtSportsSportPicker,1657799915
DirtSportsSportPicker,1657986854
MapsTabDirtSports,1655516746
Tdf2022FeedFollow,1655952091
Tdf2022FeedFollow,1656172171
Tdf2022FeedFollow,1656327211
Tdf2022FeedFollow,1656371145
Tdf2022FeedFollow,1656502456
Tdf2022FeedFollow,1656544099
Tdf2022FeedFollow,1656820124
Tdf2022FeedFollow,1656820133
Tdf2022FeedFollow,1657059020
Tdf2022FeedFollow,1657062315
Tdf2022FeedFollow,1657277811
Tdf2022FeedFollow,1657543357
Tdf2022FeedFollow,1657546518
Tdf2022FeedFollow,1657799912
Tdf2022FeedFollow,1657803112
Tdf2022FeedFollow,1657986852
Tdf2022FeedFollow,1657990147
Tdf2022FeedFollow,1658184275
Tdf2022FeedFollow,1658186652
Tdf2022FeedFollow,1658424048
Tdf2022FeedFollow,1658426818
MapsTabDirtFirstTimeExperienceFree,1656597523
OfflineMapsFirstTimeExperience,1666485145
VideoNotificationMonthlySoftLimit,1660317318
VideoNotificationMonthlySoftLimit,1664147507
VideoNotificationHardLimit,1660317318
VideoNotificationHardLimit,1664147507
FollowingFeedDoradoCooldown,1659006169
FollowingFeedDoradoCooldown,1659049997
FollowingFeedDoradoCooldown,1659187898
FollowingFeedDoradoCooldown,1659231346
FollowingFeedDoradoCooldown,1659322896
FollowingFeedDoradoCooldown,1659874064
FollowingFeedDoradoCooldown,1660049244
FollowingFeedDoradoCooldown,1660170785
FollowingFeedDoradoCooldown,1660393527
FollowingFeedDoradoCooldown,1660444558
FollowingFeedDoradoCooldown,1660566167
FollowingFeedDoradoCooldown,1660652948
FollowingFeedDoradoCooldown,1660929618
FollowingFeedDoradoCooldown,1661166310
FollowingFeedDoradoCooldown,1661259310
FollowingFeedDoradoCooldown,1661430139
FollowingFeedDoradoCooldown,1661465917
FollowingFeedDoradoCooldown,1661700337
FollowingFeedDoradoCooldown,1661814070
FollowingFeedDoradoCooldown,1661863896
FollowingFeedDoradoCooldown,1661948471
FollowingFeedDoradoCooldown,1661985750
FollowingFeedDoradoCooldown,1662060820
FollowingFeedDoradoCooldown,1662072723
FollowingFeedDoradoCooldown,1662115848
FollowingFeedDoradoCooldown,1662154491
FollowingFeedDoradoCooldown,1662204200
FollowingFeedDoradoCooldown,1662298104
FollowingFeedDoradoCooldown,1662380256
FollowingFeedDoradoCooldown,1662503624
FollowingFeedDoradoCooldown,1662587633
FollowingFeedDoradoCooldown,1662638267
FollowingFeedDoradoCooldown,1662675997
FollowingFeedDoradoCooldown,1662814152
FollowingFeedDoradoCooldown,1662895352
FollowingFeedDoradoCooldown,1662908798
FollowingFeedDoradoCooldown,1662982698
FollowingFeedDoradoCooldown,1663013177
FollowingFeedDoradoCooldown,1663032513
FollowingFeedDoradoCooldown,1663157641
FollowingFeedDoradoCooldown,1663205352
FollowingFeedDoradoCooldown,1663245161
FollowingFeedDoradoCooldown,1663282325
FollowingFeedDoradoCooldown,1663354997
FollowingFeedDoradoCooldown,1663474330
FollowingFeedDoradoCooldown,1663563276
FollowingFeedDoradoCooldown,1663594800
FollowingFeedDoradoCooldown,1663721350
FollowingFeedDoradoCooldown,1664023423
FollowingFeedDoradoCooldown,1664067860
FollowingFeedDoradoCooldown,1664196979
FollowingFeedDoradoCooldown,1664248430
FollowingFeedDoradoCooldown,1664280310
FollowingFeedDoradoCooldown,1664318763
FollowingFeedDoradoCooldown,1664339301
FollowingFeedDoradoCooldown,1664408892
FollowingFeedDoradoCooldown,1664464081
FollowingFeedDoradoCooldown,1664492686
FollowingFeedDoradoCooldown,1664631045
FollowingFeedDoradoCooldown,1664720935
FollowingFeedDoradoCooldown,1664732314
FollowingFeedDoradoCooldown,1664752219
FollowingFeedDoradoCooldown,1664794733
FollowingFeedDoradoCooldown,1664910749
FollowingFeedDoradoCooldown,1664966878
FollowingFeedDoradoCooldown,1665021301
FollowingFeedDoradoCooldown,1665055696
FollowingFeedDoradoCooldown,1665103232
FollowingFeedDoradoCooldown,1665188087
FollowingFeedDoradoCooldown,1665367642
FollowingFeedDoradoCooldown,1665401079
FollowingFeedDoradoCooldown,1665487416
FollowingFeedDoradoCooldown,1665616083
FollowingFeedDoradoCooldown,1676411662
FollowingFeedDoradoCooldown,1676413979
FollowingFeedDoradoCooldown,1676413980
FollowingFeedDoradoCooldown,1676473184
FollowingFeedDoradoCooldown,1676473185
FollowingFeedDoradoCooldown,1676475707
FollowingFeedDoradoCooldown,1676475708
FollowingFeedDoradoCooldown,1676475710
FollowingFeedDoradoCooldown,1676475711
FollowingFeedDoradoCooldown,1676513546
FollowingFeedDoradoCooldown,1676513547
FollowingFeedDoradoCooldown,1676550315
FollowingFeedDoradoCooldown,1676550316
FollowingFeedDoradoCooldown,1676820008
FollowingFeedDoradoCooldown,1676820009
FollowingFeedDoradoCooldown,1676828341
FollowingFeedDoradoCooldown,1676828342
FollowingFeedDoradoCooldown,1676939516
FollowingFeedDoradoCooldown,1676939517
FollowingFeedDoradoCooldown,1676940664
FollowingFeedDoradoCooldown,1676940665
FollowingFeedDoradoCooldown,1676981251
FollowingFeedDoradoCooldown,1676981252
FollowingFeedDoradoCooldown,1676987054
FollowingFeedDoradoCooldown,1676987055
FollowingFeedDoradoCooldown,1677022806
FollowingFeedDoradoCooldown,1677027753
FollowingFeedDoradoCooldown,1677027754
FollowingFeedDoradoCooldown,1677065928
FollowingFeedDoradoCooldown,1677065929
FollowingFeedDoradoCooldown,1677084363
FollowingFeedDoradoCooldown,1677084365
FollowingFeedDoradoCooldown,1677094865
FollowingFeedDoradoCooldown,1677112635
FollowingFeedDoradoCooldown,1677114609
FollowingFeedDoradoCooldown,1677114610
FollowingFeedDoradoCooldown,1677124298
FollowingFeedDoradoCooldown,1677124299
FollowingFeedDoradoCooldown,1677252186
FollowingFeedDoradoCooldown,1677252187
FollowingFeedDoradoCooldown,1677252215
FollowingFeedDoradoCooldown,1677252216
FollowingFeedDoradoCooldown,1677252902
FollowingFeedDoradoCooldown,1677252903
CommentNotificationCoachmark,1660393538
FollowModeCoachmark,1661948473
PostSubscriptionPreviewModalImpression,1692323175
SubPreviewGroupTab,1687862754
SubPreviewYouTab,1687530844
SubPreviewActivitiesFeedBanner,1687530845
SubPreviewActivitiesFeedBanner,1687784923
SubPreviewActivitiesFeedBanner,1688322524
SubPreviewWelcomeModalImpression,1687862755
SubPreviewWelcomeModalImpression,1687863240
SubPreviewConversionModalImpression,1690107307
SubPreviewConversionModalImpression,1690123973
SubPreviewConversionModalImpression,1690137835
SubPreviewConversionModalImpression,1690250592
SubPreviewConversionModalImpression,1708701582
SubPreviewConversionModalImpression,1710454073
SubPreviewConversionModalImpression,1713349151
NycmActivitySuggestion,1667863314
NycmActivitySuggestion,1667868745
NycmActivitySuggestion,1667883136
NycmActivitySuggestion,1667936870
NycmActivitySuggestion,1667951467
Yis2022Experience,1671560154
NewDecember2022Sports,1670169911
NewDecember2022Sports,1670246875
NewDecember2022Sports,1670331375
WebMediaUploaderFeatureEd2,1707608791
TnfActivitySuggestion,1677505736
TnfActivitySuggestion,1677505746
TnfActivitySuggestion,1677545194
TnfActivitySuggestion,1677595538
FollowingFeedDoradoCooldownSix,1682277041
FollowingFeedDoradoCooldownSix,1682277042
FollowingFeedDoradoCooldownSix,1682290263
FollowingFeedDoradoCooldownSix,1682290264
FollowingFeedDoradoCooldownSix,1682371681
FollowingFeedDoradoCooldownSix,1682371682
FollowingFeedDoradoCooldownSix,1682390578
FollowingFeedDoradoCooldownSix,1682390579
FollowingFeedDoradoCooldownSix,1682421050
FollowingFeedDoradoCooldownSix,1682421051
FollowingFeedDoradoCooldownSix,1682506884
FollowingFeedDoradoCooldownSix,1682558347
FollowingFeedDoradoCooldownSix,1682558348
FollowingFeedDoradoCooldownSix,1682594799
FollowingFeedDoradoCooldownSix,1682594800
FollowingFeedDoradoCooldownSix,1682616664
FollowingFeedDoradoCooldownSix,1682616665
FollowingFeedDoradoCooldownSix,1682675671
FollowingFeedDoradoCooldownSix,1682675672
FollowingFeedDoradoCooldownSix,1682699100
FollowingFeedDoradoCooldownSix,1682699101
FollowingFeedDoradoCooldownSix,1682776509
FollowingFeedDoradoCooldownSix,1682776510
FollowingFeedDoradoCooldownSix,1682785885
FollowingFeedDoradoCooldownSix,1682785886
FollowingFeedDoradoCooldownSix,1682940318
FollowingFeedDoradoCooldownSix,1682940319
FollowingFeedDoradoCooldownSix,1683115197
FollowingFeedDoradoCooldownSix,1683170068
FollowingFeedDoradoCooldownSix,1683197145
FollowingFeedDoradoCooldownSix,1683260376
FollowingFeedDoradoCooldownSix,1683260377
FollowingFeedDoradoCooldownSix,1683262440
FollowingFeedDoradoCooldownSix,1683262441
FollowingFeedDoradoCooldownSix,1683374972
FollowingFeedDoradoCooldownSix,1683374973
FollowingFeedDoradoCooldownSix,1683585841
FollowingFeedDoradoCooldownSix,1683600928
FollowingFeedDoradoCooldownSix,1683600929
FollowingFeedDoradoCooldownSix,1683657884
FollowingFeedDoradoCooldownSix,1683657886
FollowingFeedDoradoCooldownSix,1683838310
FollowingFeedDoradoCooldownSix,1683849004
FollowingFeedDoradoCooldownSix,1683849005
FollowingFeedDoradoCooldownSix,1683912553
FollowingFeedDoradoCooldownSix,1683912554
FollowingFeedDoradoCooldownSix,1683920561
FollowingFeedDoradoCooldownSix,1683931077
FollowingFeedDoradoCooldownSix,1683985169
FollowingFeedDoradoCooldownSix,1683985170
FollowingFeedDoradoCooldownSix,1684078027
FollowingFeedDoradoCooldownSix,1684078028
FollowingFeedDoradoCooldownSix,1684092936
FollowingFeedDoradoCooldownSix,1684092937
FollowingFeedDoradoCooldownSix,1684191825
FollowingFeedDoradoCooldownSix,1684191826
FollowingFeedDoradoCooldownSix,1684209322
FollowingFeedDoradoCooldownSix,1684209323
FollowingFeedDoradoCooldownSix,1684337854
FollowingFeedDoradoCooldownSix,1684337856
FollowingFeedDoradoCooldownSix,1684348314
FollowingFeedDoradoCooldownSix,1684348315
FollowingFeedDoradoCooldownSix,1684348369
FollowingFeedDoradoCooldownSix,1684348370
FollowingFeedDoradoCooldownSix,1684505870
FollowingFeedDoradoCooldownSix,1684505899
FollowingFeedDoradoCooldownSix,1684505900
FollowingFeedDoradoCooldownSix,1684505957
FollowingFeedDoradoCooldownSix,1684505958
FollowingFeedDoradoCooldownSix,1684609082
FollowingFeedDoradoCooldownSix,1684609083
FollowingFeedDoradoCooldownSix,1684638302
FollowingFeedDoradoCooldownSix,1684638303
FollowingFeedDoradoCooldownSix,1684693636
FollowingFeedDoradoCooldownSix,1684693637
FollowingFeedDoradoCooldownSix,1684700549
FollowingFeedDoradoCooldownSix,1684700550
FollowingFeedDoradoCooldownSix,1684761084
FollowingFeedDoradoCooldownSix,1684761085
FollowingFeedDoradoCooldownSix,1684829170
FollowingFeedDoradoCooldownSix,1684829171
FollowingFeedDoradoCooldownSix,1684914719
FollowingFeedDoradoCooldownSix,1684914720
FollowingFeedDoradoCooldownSix,1685021792
FollowingFeedDoradoCooldownSix,1685021793
FollowingFeedDoradoCooldownSix,1685097300
FollowingFeedDoradoCooldownSix,1685097301
FollowingFeedDoradoCooldownSix,1685151851
FollowingFeedDoradoCooldownSix,1685151852
FollowingFeedDoradoCooldownSix,1685275466
FollowingFeedDoradoCooldownSix,1685275467
FollowingFeedDoradoCooldownSix,1685293295
FollowingFeedDoradoCooldownSix,1685293296
FollowingFeedDoradoCooldownSix,1685329919
FollowingFeedDoradoCooldownSix,1685329920
FollowingFeedDoradoCooldownSix,1685398922
FollowingFeedDoradoCooldownSix,1685412136
FollowingFeedDoradoCooldownSix,1685412137
FollowingFeedDoradoCooldownSix,1685531089
FollowingFeedDoradoCooldownSix,1685531090
FollowingFeedDoradoCooldownSix,1685569743
FollowingFeedDoradoCooldownSix,1685569744
FollowingFeedDoradoCooldownSix,1685701628
FollowingFeedDoradoCooldownSix,1685701629
FollowingFeedDoradoCooldownSix,1685702274
FollowingFeedDoradoCooldownSix,1685702275
FollowingFeedDoradoCooldownSix,1685741047
FollowingFeedDoradoCooldownSix,1685741048
FollowingFeedDoradoCooldownSix,1685788913
FollowingFeedDoradoCooldownSix,1685788914
FollowingFeedDoradoCooldownSix,1685899023
FollowingFeedDoradoCooldownSix,1685899024
FollowingFeedDoradoCooldownSix,1685929840
FollowingFeedDoradoCooldownSix,1685929841
FollowingFeedDoradoCooldownSix,1685936130
FollowingFeedDoradoCooldownSix,1685963508
FollowingFeedDoradoCooldownSix,1686157074
FollowingFeedDoradoCooldownSix,1686157076
FollowingFeedDoradoCooldownSix,1686195063
FollowingFeedDoradoCooldownSix,1686195064
FollowingFeedDoradoCooldownSix,1686222185
FollowingFeedDoradoCooldownSix,1686222186
FollowingFeedDoradoCooldownSix,1686317082
FollowingFeedDoradoCooldownSix,1686317083
FollowingFeedDoradoCooldownSix,1686328083
FollowingFeedDoradoCooldownSix,1686328086
FollowingFeedDoradoCooldownSix,1686328088
FollowingFeedDoradoCooldownSix,1686335083
FollowingFeedDoradoCooldownSix,1686503315
FollowingFeedDoradoCooldownSix,1686503316
FollowingFeedDoradoCooldownSix,1686528129
FollowingFeedDoradoCooldownSix,1686528130
FollowingFeedDoradoCooldownSix,1686573934
FollowingFeedDoradoCooldownSix,1686681163
FollowingFeedDoradoCooldownSix,1686681164
FollowingFeedDoradoCooldownSix,1686826733
FollowingFeedDoradoCooldownSix,1686826734
FollowingFeedDoradoCooldownSix,1686879032
FollowingFeedDoradoCooldownSix,1686879034
FollowingFeedDoradoCooldownSix,1686881168
FollowingFeedDoradoCooldownSix,1686881169
FollowingFeedDoradoCooldownSix,1687014557
FollowingFeedDoradoCooldownSix,1687014558
FollowingFeedDoradoCooldownSix,1687043711
FollowingFeedDoradoCooldownSix,1687172788
FollowingFeedDoradoCooldownSix,1687258585
FollowingFeedDoradoCooldownSix,1687314780
FollowingFeedDoradoCooldownSix,1687314781
FollowingFeedDoradoCooldownSix,1687378075
FollowingFeedDoradoCooldownSix,1687378076
FollowingFeedDoradoCooldownSix,1687431169
FollowingFeedDoradoCooldownSix,1687454585
FollowingFeedDoradoCooldownSix,1687489323
FollowingFeedDoradoCooldownSix,1687489324
FollowingFeedDoradoCooldownSix,1687489328
FollowingFeedDoradoCooldownSix,1687489329
FollowingFeedDoradoCooldownSix,1687526916
FollowingFeedDoradoCooldownSix,1687630157
FollowingFeedDoradoCooldownSix,1687630158
FollowingFeedDoradoCooldownSix,1687631356
FollowingFeedDoradoCooldownSix,1687631357
FollowingFeedDoradoCooldownSix,1687784736
FollowingFeedDoradoCooldownSix,1687784737
FollowingFeedDoradoCooldownSix,1687862754
FollowingFeedDoradoCooldownSix,1687862755
FollowingFeedDoradoCooldownSix,1687863240
FollowingFeedDoradoCooldownSix,1688037101
FollowingFeedDoradoCooldownSix,1688037102
FollowingFeedDoradoCooldownSix,1688124167
FollowingFeedDoradoCooldownSix,1688124168
FollowingFeedDoradoCooldownSix,1688129265
FollowingFeedDoradoCooldownSix,1688129266
FollowingFeedDoradoCooldownSix,1688230416
FollowingFeedDoradoCooldownSix,1688230417
FollowingFeedDoradoCooldownSix,1688244154
FollowingFeedDoradoCooldownSix,1688244155
FollowingFeedDoradoCooldownSix,1688303746
FollowingFeedDoradoCooldownSix,1688303747
FollowingFeedDoradoCooldownSix,1688476595
FollowingFeedDoradoCooldownSix,1688478397
FollowingFeedDoradoCooldownSix,1688478398
FollowingFeedDoradoCooldownSix,1688520729
FollowingFeedDoradoCooldownSix,1688520731
FollowingFeedDoradoCooldownSix,1688647137
FollowingFeedDoradoCooldownSix,1688647138
FollowingFeedDoradoCooldownSix,1688825871
FollowingFeedDoradoCooldownSix,1688825872
FollowingFeedDoradoCooldownSix,1688827224
FollowingFeedDoradoCooldownSix,1688827225
FollowingFeedDoradoCooldownSix,1688848511
FollowingFeedDoradoCooldownSix,1688928429
FollowingFeedDoradoCooldownSix,1688986390
FollowingFeedDoradoCooldownSix,1688986391
FollowingFeedDoradoCooldownSix,1689165249
FollowingFeedDoradoCooldownSix,1689165250
FollowingFeedDoradoCooldownSix,1689220245
FollowingFeedDoradoCooldownSix,1689285623
FollowingFeedDoradoCooldownSix,1689285624
FollowingFeedDoradoCooldownSix,1689342857
FollowingFeedDoradoCooldownSix,1689342858
FollowingFeedDoradoCooldownSix,1689465187
FollowingFeedDoradoCooldownSix,1689465188
FollowingFeedDoradoCooldownSix,1689472664
FollowingFeedDoradoCooldownSix,1689472665
FollowingFeedDoradoCooldownSix,1689515856
FollowingFeedDoradoCooldownSix,1689515857
FollowingFeedDoradoCooldownSix,1689599470
FollowingFeedDoradoCooldownSix,1689599471
FollowingFeedDoradoCooldownSix,1689601547
FollowingFeedDoradoCooldownSix,1689601548
FollowingFeedDoradoCooldownSix,1689608267
FollowingFeedDoradoCooldownSix,1689608268
FollowingFeedDoradoCooldownSix,1689692650
FollowingFeedDoradoCooldownSix,1689720908
FollowingFeedDoradoCooldownSix,1689731197
FollowingFeedDoradoCooldownSix,1689731198
FollowingFeedDoradoCooldownSix,1689771600
FollowingFeedDoradoCooldownSix,1689771601
FollowingFeedDoradoCooldownSix,1689820762
FollowingFeedDoradoCooldownSix,1689885415
FollowingFeedDoradoCooldownSix,1689885416
FollowingFeedDoradoCooldownSix,1689947692
FollowingFeedDoradoCooldownSix,1689947693
FollowingFeedDoradoCooldownSix,1690107307
FollowingFeedDoradoCooldownSix,1690107308
FollowingFeedDoradoCooldownSix,1690123973
FollowingFeedDoradoCooldownSix,1690123974
FollowingFeedDoradoCooldownSix,1690137835
FollowingFeedDoradoCooldownSix,1690137836
FollowingFeedDoradoCooldownSix,1690206380
FollowingFeedDoradoCooldownSix,1690206381
FollowingFeedDoradoCooldownSix,1690250592
FollowingFeedDoradoCooldownSix,1690250593
FollowingFeedDoradoCooldownSix,1690322635
FollowingFeedDoradoCooldownSix,1690322695
FollowingFeedDoradoCooldownSix,1690375770
FollowingFeedDoradoCooldownSix,1690375771
FollowingFeedDoradoCooldownSix,1690376298
FollowingFeedDoradoCooldownSix,1690376299
FollowingFeedDoradoCooldownSix,1690454042
FollowingFeedDoradoCooldownSix,1690454043
FollowingFeedDoradoCooldownSix,1690600765
FollowingFeedDoradoCooldownSix,1690600766
FollowingFeedDoradoCooldownSix,1690657530
FollowingFeedDoradoCooldownSix,1690680647
FollowingFeedDoradoCooldownSix,1690680648
FollowingFeedDoradoCooldownSix,1690725824
FollowingFeedDoradoCooldownSix,1690725825
FollowingFeedDoradoCooldownSix,1690729762
FollowingFeedDoradoCooldownSix,1690745388
FollowingFeedDoradoCooldownSix,1690770404
FollowingFeedDoradoCooldownSix,1690770405
FollowingFeedDoradoCooldownSix,1690818654
FollowingFeedDoradoCooldownSix,1690818655
FollowingFeedDoradoCooldownSix,1690888002
FollowingFeedDoradoCooldownSix,1690905668
FollowingFeedDoradoCooldownSix,1690905669
FollowingFeedDoradoCooldownSix,1690971121
FollowingFeedDoradoCooldownSix,1690971122
FollowingFeedDoradoCooldownSix,1690981082
FollowingFeedDoradoCooldownSix,1690981083
FollowingFeedDoradoCooldownSix,1691035150
FollowingFeedDoradoCooldownSix,1691035151
FollowingFeedDoradoCooldownSix,1691061844
FollowingFeedDoradoCooldownSix,1691061845
FollowingFeedDoradoCooldownSix,1691231050
FollowingFeedDoradoCooldownSix,1691245346
FollowingFeedDoradoCooldownSix,1691245347
FollowingFeedDoradoCooldownSix,1691259143
FollowingFeedDoradoCooldownSix,1691264049
FollowingFeedDoradoCooldownSix,1691264050
FollowingFeedDoradoCooldownSix,1691328901
FollowingFeedDoradoCooldownSix,1691334189
FollowingFeedDoradoCooldownSix,1691334190
FollowingFeedDoradoCooldownSix,1691350381
FollowingFeedDoradoCooldownSix,1691531270
FollowingFeedDoradoCooldownSix,1691531273
FollowingFeedDoradoCooldownSix,1691585122
FollowingFeedDoradoCooldownSix,1691590924
FollowingFeedDoradoCooldownSix,1691590925
FollowingFeedDoradoCooldownSix,1691598963
FollowingFeedDoradoCooldownSix,1691638263
FollowingFeedDoradoCooldownSix,1691638264
FollowingFeedDoradoCooldownSix,1691677738
FollowingFeedDoradoCooldownSix,1691677739
FollowingFeedDoradoCooldownSix,1691684133
FollowingFeedDoradoCooldownSix,1691751782
FollowingFeedDoradoCooldownSix,1691751783
FollowingFeedDoradoCooldownSix,1691756283
FollowingFeedDoradoCooldownSix,1691771113
FollowingFeedDoradoCooldownSix,1691771119
FollowingFeedDoradoCooldownSix,1691786160
FollowingFeedDoradoCooldownSix,1691846090
FollowingFeedDoradoCooldownSix,1691846091
FollowingFeedDoradoCooldownSix,1691860763
FollowingFeedDoradoCooldownSix,1691860764
FollowingFeedDoradoCooldownSix,1691861958
FollowingFeedDoradoCooldownSix,1691901244
FollowingFeedDoradoCooldownSix,1691934014
FollowingFeedDoradoCooldownSix,1691934015
FollowingFeedDoradoCooldownSix,1692013410
FollowingFeedDoradoCooldownSix,1692013411
FollowingFeedDoradoCooldownSix,1692038250
FollowingFeedDoradoCooldownSix,1692038251
FollowingFeedDoradoCooldownSix,1692053502
FollowingFeedDoradoCooldownSix,1692053503
FollowingFeedDoradoCooldownSix,1692183271
FollowingFeedDoradoCooldownSix,1692183272
FollowingFeedDoradoCooldownSix,1692188730
FollowingFeedDoradoCooldownSix,1692188731
FollowingFeedDoradoCooldownSix,1692190195
FollowingFeedDoradoCooldownSix,1692196200
FollowingFeedDoradoCooldownSix,1692319018
FollowingFeedDoradoCooldownSix,1692319019
FollowingFeedDoradoCooldownSix,1692365458
FollowingFeedDoradoCooldownSix,1692365459
FollowingFeedDoradoCooldownSix,1692384066
FollowingFeedDoradoCooldownSix,1692384067
FollowingFeedDoradoCooldownSix,1692454091
FollowingFeedDoradoCooldownSix,1692460562
FollowingFeedDoradoCooldownSix,1692463442
FollowingFeedDoradoCooldownSix,1692473061
FollowingFeedDoradoCooldownSix,1692498479
FollowingFeedDoradoCooldownSix,1692498480
FollowingFeedDoradoCooldownSix,1692558347
FollowingFeedDoradoCooldownSix,1692558348
FollowingFeedDoradoCooldownSix,1692615809
FollowingFeedDoradoCooldownSix,1692615810
FollowingFeedDoradoCooldownSix,1692740601
FollowingFeedDoradoCooldownSix,1692740602
FollowingFeedDoradoCooldownSix,1692805459
FollowingFeedDoradoCooldownSix,1692805460
FollowingFeedDoradoCooldownSix,1692817645
FollowingFeedDoradoCooldownSix,1692817646
FollowingFeedDoradoCooldownSix,1692840876
FollowingFeedDoradoCooldownSix,1692840877
FollowingFeedDoradoCooldownSix,1692893322
FollowingFeedDoradoCooldownSix,1692893323
FollowingFeedDoradoCooldownSix,1692931033
FollowingFeedDoradoCooldownSix,1692968846
FollowingFeedDoradoCooldownSix,1692968847
FollowingFeedDoradoCooldownSix,1692968950
FollowingFeedDoradoCooldownSix,1693014841
FollowingFeedDoradoCooldownSix,1693014842
FollowingFeedDoradoCooldownSix,1693019381
FollowingFeedDoradoCooldownSix,1693070392
FollowingFeedDoradoCooldownSix,1693082135
FollowingFeedDoradoCooldownSix,1693082136
FollowingFeedDoradoCooldownSix,1693158273
FollowingFeedDoradoCooldownSix,1693158274
FollowingFeedDoradoCooldownSix,1693220716
FollowingFeedDoradoCooldownSix,1693220717
FollowingFeedDoradoCooldownSix,1693235366
FollowingFeedDoradoCooldownSix,1693235367
FollowingFeedDoradoCooldownSix,1693305693
FollowingFeedDoradoCooldownSix,1693305694
FollowingFeedDoradoCooldownSix,1693318929
FollowingFeedDoradoCooldownSix,1693318930
FollowingFeedDoradoCooldownSix,1693343562
FollowingFeedDoradoCooldownSix,1693343563
FollowingFeedDoradoCooldownSix,1693399435
FollowingFeedDoradoCooldownSix,1693399436
FollowingFeedDoradoCooldownSix,1693447074
FollowingFeedDoradoCooldownSix,1693447075
FollowingFeedDoradoCooldownSix,1693479777
FollowingFeedDoradoCooldownSix,1693479778
FollowingFeedDoradoCooldownSix,1693532009
FollowingFeedDoradoCooldownSix,1693532010
FollowingFeedDoradoCooldownSix,1693602515
FollowingFeedDoradoCooldownSix,1693602516
FollowingFeedDoradoCooldownSix,1693604925
FollowingFeedDoradoCooldownSix,1693604926
FollowingFeedDoradoCooldownSix,1693660189
FollowingFeedDoradoCooldownSix,1693660190
FollowingFeedDoradoCooldownSix,1693698452
FollowingFeedDoradoCooldownSix,1693698453
FollowingFeedDoradoCooldownSix,1693761212
FollowingFeedDoradoCooldownSix,1693761215
FollowingFeedDoradoCooldownSix,1693773738
FollowingFeedDoradoCooldownSix,1693773739
FollowingFeedDoradoCooldownSix,1693793855
FollowingFeedDoradoCooldownSix,1693793856
FollowingFeedDoradoCooldownSix,1693997738
FollowingFeedDoradoCooldownSix,1693997739
FollowingFeedDoradoCooldownSix,1694004948
FollowingFeedDoradoCooldownSix,1694004949
FollowingFeedDoradoCooldownSix,1694085350
FollowingFeedDoradoCooldownSix,1694085351
FollowingFeedDoradoCooldownSix,1694179881
FollowingFeedDoradoCooldownSix,1694179882
FollowingFeedDoradoCooldownSix,1694181335
FollowingFeedDoradoCooldownSix,1694181336
FollowingFeedDoradoCooldownSix,1694268894
FollowingFeedDoradoCooldownSix,1694268895
FollowingFeedDoradoCooldownSix,1694270190
FollowingFeedDoradoCooldownSix,1694270191
FollowingFeedDoradoCooldownSix,1694271508
FollowingFeedDoradoCooldownSix,1694274295
FollowingFeedDoradoCooldownSix,1694381851
FollowingFeedDoradoCooldownSix,1694381852
FollowingFeedDoradoCooldownSix,1694400588
FollowingFeedDoradoCooldownSix,1694441539
FollowingFeedDoradoCooldownSix,1694441540
FollowingFeedDoradoCooldownSix,1694477226
FollowingFeedDoradoCooldownSix,1694477227
FollowingFeedDoradoCooldownSix,1694478992
FollowingFeedDoradoCooldownSix,1694609546
FollowingFeedDoradoCooldownSix,1694609547
FollowingFeedDoradoCooldownSix,1694613962
FollowingFeedDoradoCooldownSix,1694630892
FollowingFeedDoradoCooldownSix,1694630893
FollowingFeedDoradoCooldownSix,1694637172
FollowingFeedDoradoCooldownSix,1694700686
FollowingFeedDoradoCooldownSix,1694700687
FollowingFeedDoradoCooldownSix,1694734338
FollowingFeedDoradoCooldownSix,1694734339
FollowingFeedDoradoCooldownSix,1694773294
FollowingFeedDoradoCooldownSix,1694773295
FollowingFeedDoradoCooldownSix,1694825990
FollowingFeedDoradoCooldownSix,1694876898
FollowingFeedDoradoCooldownSix,1694876899
FollowingFeedDoradoCooldownSix,1694953647
FollowingFeedDoradoCooldownSix,1694953648
FollowingFeedDoradoCooldownSix,1695211842
FollowingFeedDoradoCooldownSix,1695211843
FollowingFeedDoradoCooldownSix,1695214106
FollowingFeedDoradoCooldownSix,1695214107
FollowingFeedDoradoCooldownSix,1695239532
FollowingFeedDoradoCooldownSix,1695239533
FollowingFeedDoradoCooldownSix,1695332525
FollowingFeedDoradoCooldownSix,1695332526
FollowingFeedDoradoCooldownSix,1695378530
FollowingFeedDoradoCooldownSix,1695378531
FollowingFeedDoradoCooldownSix,1695403012
FollowingFeedDoradoCooldownSix,1695414421
FollowingFeedDoradoCooldownSix,1695467258
FollowingFeedDoradoCooldownSix,1695467259
FollowingFeedDoradoCooldownSix,1695500899
FollowingFeedDoradoCooldownSix,1695500900
FollowingFeedDoradoCooldownSix,1695512183
FollowingFeedDoradoCooldownSix,1695512319
FollowingFeedDoradoCooldownSix,1695561202
FollowingFeedDoradoCooldownSix,1695561203
FollowingFeedDoradoCooldownSix,1695606696
FollowingFeedDoradoCooldownSix,1695606697
FollowingFeedDoradoCooldownSix,1695647549
FollowingFeedDoradoCooldownSix,1695647550
FollowingFeedDoradoCooldownSix,1695819358
FollowingFeedDoradoCooldownSix,1695819359
FollowingFeedDoradoCooldownSix,1695902330
FollowingFeedDoradoCooldownSix,1695950262
FollowingFeedDoradoCooldownSix,1695950263
FollowingFeedDoradoCooldownSix,1696008042
FollowingFeedDoradoCooldownSix,1696008043
FollowingFeedDoradoCooldownSix,1696090883
FollowingFeedDoradoCooldownSix,1696090884
FollowingFeedDoradoCooldownSix,1696090988
FollowingFeedDoradoCooldownSix,1696090989
FollowingFeedDoradoCooldownSix,1696098465
FollowingFeedDoradoCooldownSix,1696098466
FollowingFeedDoradoCooldownSix,1696193126
FollowingFeedDoradoCooldownSix,1696193127
FollowingFeedDoradoCooldownSix,1696205502
FollowingFeedDoradoCooldownSix,1696205503
FollowingFeedDoradoCooldownSix,1696284994
FollowingFeedDoradoCooldownSix,1696284995
FollowingFeedDoradoCooldownSix,1696331596
FollowingFeedDoradoCooldownSix,1696373967
FollowingFeedDoradoCooldownSix,1696373968
FollowingFeedDoradoCooldownSix,1696423753
FollowingFeedDoradoCooldownSix,1696467301
FollowingFeedDoradoCooldownSix,1696473286
FollowingFeedDoradoCooldownSix,1696473384
FollowingFeedDoradoCooldownSix,1696503172
FollowingFeedDoradoCooldownSix,1696503173
FollowingFeedDoradoCooldownSix,1696527851
FollowingFeedDoradoCooldownSix,1696599660
FollowingFeedDoradoCooldownSix,1696599661
FollowingFeedDoradoCooldownSix,1696623340
FollowingFeedDoradoCooldownSix,1696690898
FollowingFeedDoradoCooldownSix,1696698477
FollowingFeedDoradoCooldownSix,1696718384
FollowingFeedDoradoCooldownSix,1696718385
FollowingFeedDoradoCooldownSix,1696719915
FollowingFeedDoradoCooldownSix,1696788758
FollowingFeedDoradoCooldownSix,1696790329
FollowingFeedDoradoCooldownSix,1696790330
FollowingFeedDoradoCooldownSix,1696937561
FollowingFeedDoradoCooldownSix,1696937562
FollowingFeedDoradoCooldownSix,1697027925
FollowingFeedDoradoCooldownSix,1697027926
FollowingFeedDoradoCooldownSix,1697059879
FollowingFeedDoradoCooldownSix,1697059880
FollowingFeedDoradoCooldownSix,1697077195
FollowingFeedDoradoCooldownSix,1697077196
FollowingFeedDoradoCooldownSix,1697163103
FollowingFeedDoradoCooldownSix,1697163104
FollowingFeedDoradoCooldownSix,1697191172
FollowingFeedDoradoCooldownSix,1697191173
FollowingFeedDoradoCooldownSix,1697191252
FollowingFeedDoradoCooldownSix,1697204535
FollowingFeedDoradoCooldownSix,1697255098
FollowingFeedDoradoCooldownSix,1697281857
FollowingFeedDoradoCooldownSix,1697281858
FollowingFeedDoradoCooldownSix,1697296100
FollowingFeedDoradoCooldownSix,1697296101
FollowingFeedDoradoCooldownSix,1697307833
FollowingFeedDoradoCooldownSix,1697381717
FollowingFeedDoradoCooldownSix,1697381718
FollowingFeedDoradoCooldownSix,1697387256
FollowingFeedDoradoCooldownSix,1697404976
FollowingFeedDoradoCooldownSix,1697404977
FollowingFeedDoradoCooldownSix,1697477216
FollowingFeedDoradoCooldownSix,1697477217
FollowingFeedDoradoCooldownSix,1697512876
FollowingFeedDoradoCooldownSix,1697512877
FollowingFeedDoradoCooldownSix,1697677879
FollowingFeedDoradoCooldownSix,1697677880
FollowingFeedDoradoCooldownSix,1697796545
FollowingFeedDoradoCooldownSix,1697796546
FollowingFeedDoradoCooldownSix,1697832157
FollowingFeedDoradoCooldownSix,1697832158
FollowingFeedDoradoCooldownSix,1697847186
FollowingFeedDoradoCooldownSix,1697909103
FollowingFeedDoradoCooldownSix,1697909104
FollowingFeedDoradoCooldownSix,1697922773
FollowingFeedDoradoCooldownSix,1697922774
FollowingFeedDoradoCooldownSix,1697936409
FollowingFeedDoradoCooldownSix,1697976985
FollowingFeedDoradoCooldownSix,1698188869
FollowingFeedDoradoCooldownSix,1698236111
FollowingFeedDoradoCooldownSix,1698236112
FollowingFeedDoradoCooldownSix,1698237150
FollowingFeedDoradoCooldownSix,1698237151
FollowingFeedDoradoCooldownSix,1698413726
FollowingFeedDoradoCooldownSix,1698413727
FollowingFeedDoradoCooldownSix,1698510563
FollowingFeedDoradoCooldownSix,1698510564
FollowingFeedDoradoCooldownSix,1698511836
FollowingFeedDoradoCooldownSix,1698511837
FollowingFeedDoradoCooldownSix,1698515464
FollowingFeedDoradoCooldownSix,1698520706
FollowingFeedDoradoCooldownSix,1698667751
FollowingFeedDoradoCooldownSix,1698667854
FollowingFeedDoradoCooldownSix,1698716745
FollowingFeedDoradoCooldownSix,1698716746
FollowingFeedDoradoCooldownSix,1698753330
FollowingFeedDoradoCooldownSix,1698843306
FollowingFeedDoradoCooldownSix,1698843307
FollowingFeedDoradoCooldownSix,1698847655
FollowingFeedDoradoCooldownSix,1698847656
FollowingFeedDoradoCooldownSix,1698887561
FollowingFeedDoradoCooldownSix,1698887562
FollowingFeedDoradoCooldownSix,1699019080
FollowingFeedDoradoCooldownSix,1699063177
FollowingFeedDoradoCooldownSix,1699063178
FollowingFeedDoradoCooldownSix,1699112797
FollowingFeedDoradoCooldownSix,1699112798
FollowingFeedDoradoCooldownSix,1699113722
FollowingFeedDoradoCooldownSix,1699113723
FollowingFeedDoradoCooldownSix,1699216473
FollowingFeedDoradoCooldownSix,1699216474
FollowingFeedDoradoCooldownSix,1699366110
FollowingFeedDoradoCooldownSix,1699366111
FollowingFeedDoradoCooldownSix,1699382617
FollowingFeedDoradoCooldownSix,1699382619
FollowingFeedDoradoCooldownSix,1699385250
FollowingFeedDoradoCooldownSix,1699385251
FollowingFeedDoradoCooldownSix,1699479601
FollowingFeedDoradoCooldownSix,1699479602
FollowingFeedDoradoCooldownSix,1699483341
FollowingFeedDoradoCooldownSix,1699483342
FollowingFeedDoradoCooldownSix,1699530728
FollowingFeedDoradoCooldownSix,1699530729
FollowingFeedDoradoCooldownSix,1699626283
FollowingFeedDoradoCooldownSix,1699626284
FollowingFeedDoradoCooldownSix,1699790141
FollowingFeedDoradoCooldownSix,1699790142
FollowingFeedDoradoCooldownSix,1699800415
FollowingFeedDoradoCooldownSix,1699800416
FollowingFeedDoradoCooldownSix,1699903586
FollowingFeedDoradoCooldownSix,1699903587
FollowingFeedDoradoCooldownSix,1700056724
FollowingFeedDoradoCooldownSix,1700060027
FollowingFeedDoradoCooldownSix,1700060028
FollowingFeedDoradoCooldownSix,1700085074
FollowingFeedDoradoCooldownSix,1700085075
FollowingFeedDoradoCooldownSix,1700232110
FollowingFeedDoradoCooldownSix,1700232111
FollowingFeedDoradoCooldownSix,1700332542
FollowingFeedDoradoCooldownSix,1700332543
FollowingFeedDoradoCooldownSix,1700414214
FollowingFeedDoradoCooldownSix,1700414215
FollowingFeedDoradoCooldownSix,1700433865
FollowingFeedDoradoCooldownSix,1700433866
FollowingFeedDoradoCooldownSix,1700438888
FollowingFeedDoradoCooldownSix,1700538219
FollowingFeedDoradoCooldownSix,1700661260
FollowingFeedDoradoCooldownSix,1700837026
FollowingFeedDoradoCooldownSix,1700837030
FollowingFeedDoradoCooldownSix,1700850637
FollowingFeedDoradoCooldownSix,1700850638
FollowingFeedDoradoCooldownSix,1700871260
FollowingFeedDoradoCooldownSix,1700871261
FollowingFeedDoradoCooldownSix,1700930504
FollowingFeedDoradoCooldownSix,1700930505
FollowingFeedDoradoCooldownSix,1701022271
FollowingFeedDoradoCooldownSix,1701022272
FollowingFeedDoradoCooldownSix,1701023392
FollowingFeedDoradoCooldownSix,1701023612
FollowingFeedDoradoCooldownSix,1701096667
FollowingFeedDoradoCooldownSix,1701096668
FollowingFeedDoradoCooldownSix,1701257567
FollowingFeedDoradoCooldownSix,1701257568
FollowingFeedDoradoCooldownSix,1701299041
FollowingFeedDoradoCooldownSix,1701299042
FollowingFeedDoradoCooldownSix,1701619477
FollowingFeedDoradoCooldownSix,1701619478
FollowingFeedDoradoCooldownSix,1701626247
FollowingFeedDoradoCooldownSix,1701627298
FollowingFeedDoradoCooldownSix,1701637308
FollowingFeedDoradoCooldownSix,1701640131
FollowingFeedDoradoCooldownSix,1701729599
FollowingFeedDoradoCooldownSix,1701732865
FollowingFeedDoradoCooldownSix,1701732866
FollowingFeedDoradoCooldownSix,1701747883
FollowingFeedDoradoCooldownSix,1701747884
FollowingFeedDoradoCooldownSix,1701776517
FollowingFeedDoradoCooldownSix,1701834804
FollowingFeedDoradoCooldownSix,1701871296
FollowingFeedDoradoCooldownSix,1701871297
FollowingFeedDoradoCooldownSix,1701872869
FollowingFeedDoradoCooldownSix,1701872870
FollowingFeedDoradoCooldownSix,1702077594
FollowingFeedDoradoCooldownSix,1702077777
FollowingFeedDoradoCooldownSix,1702129280
FollowingFeedDoradoCooldownSix,1702129281
FollowingFeedDoradoCooldownSix,1702391074
FollowingFeedDoradoCooldownSix,1702391075
FollowingFeedDoradoCooldownSix,1702413498
FollowingFeedDoradoCooldownSix,1702413499
FollowingFeedDoradoCooldownSix,1702428386
FollowingFeedDoradoCooldownSix,1702557945
FollowingFeedDoradoCooldownSix,1702557946
FollowingFeedDoradoCooldownSix,1702561638
FollowingFeedDoradoCooldownSix,1702561639
FollowingFeedDoradoCooldownSix,1705156694
FollowingFeedDoradoCooldownSix,1705156695
FollowingFeedDoradoCooldownSix,1705195926
FollowingFeedDoradoCooldownSix,1705237815
FollowingFeedDoradoCooldownSix,1705237816
FollowingFeedDoradoCooldownSix,1705262007
FollowingFeedDoradoCooldownSix,1705262008
FollowingFeedDoradoCooldownSix,1705322236
FollowingFeedDoradoCooldownSix,1705322538
FollowingFeedDoradoCooldownSix,1705369190
FollowingFeedDoradoCooldownSix,1705369191
FollowingFeedDoradoCooldownSix,1705501779
FollowingFeedDoradoCooldownSix,1705501780
FollowingFeedDoradoCooldownSix,1705506771
FollowingFeedDoradoCooldownSix,1705506772
FollowingFeedDoradoCooldownSix,1705510903
FollowingFeedDoradoCooldownSix,1705510904
FollowingFeedDoradoCooldownSix,1705624165
FollowingFeedDoradoCooldownSix,1705624166
FollowingFeedDoradoCooldownSix,1705689639
FollowingFeedDoradoCooldownSix,1705689640
FollowingFeedDoradoCooldownSix,1705772603
FollowingFeedDoradoCooldownSix,1705772604
FollowingFeedDoradoCooldownSix,1705797646
FollowingFeedDoradoCooldownSix,1705797647
FollowingFeedDoradoCooldownSix,1705843587
FollowingFeedDoradoCooldownSix,1705843588
FollowingFeedDoradoCooldownSix,1705868432
FollowingFeedDoradoCooldownSix,1705877355
FollowingFeedDoradoCooldownSix,1706193905
FollowingFeedDoradoCooldownSix,1706193907
FollowingFeedDoradoCooldownSix,1706533752
FollowingFeedDoradoCooldownSix,1706533753
FollowingFeedDoradoCooldownSix,1706535311
FollowingFeedDoradoCooldownSix,1706535312
FollowingFeedDoradoCooldownSix,1706699649
FollowingFeedDoradoCooldownSix,1706708960
FollowingFeedDoradoCooldownSix,1706726629
FollowingFeedDoradoCooldownSix,1706789332
FollowingFeedDoradoCooldownSix,1706790653
FollowingFeedDoradoCooldownSix,1706833024
FollowingFeedDoradoCooldownSix,1706976076
FollowingFeedDoradoCooldownSix,1707061476
FollowingFeedDoradoCooldownSix,1707132428
FollowingFeedDoradoCooldownSix,1707139652
FollowingFeedDoradoCooldownSix,1707234082
FollowingFeedDoradoCooldownSix,1707313838
FollowingFeedDoradoCooldownSix,1707343373
FollowingFeedDoradoCooldownSix,1707356316
FollowingFeedDoradoCooldownSix,1707441307
FollowingFeedDoradoCooldownSix,1707479205
FollowingFeedDoradoCooldownSix,1707486579
FollowingFeedDoradoCooldownSix,1707606272
FollowingFeedDoradoCooldownSix,1707606273
FollowingFeedDoradoCooldownSix,1707608705
FollowingFeedDoradoCooldownSix,1707611280
FollowingFeedDoradoCooldownSix,1707611281
FollowingFeedDoradoCooldownSix,1707622117
FollowingFeedDoradoCooldownSix,1707622118
FollowingFeedDoradoCooldownSix,1707685038
FollowingFeedDoradoCooldownSix,1707689636
FollowingFeedDoradoCooldownSix,1707711611
FollowingFeedDoradoCooldownSix,1707711612
FollowingFeedDoradoCooldownSix,1707824035
FollowingFeedDoradoCooldownSix,1707840254
FollowingFeedDoradoCooldownSix,1708053880
FollowingFeedDoradoCooldownSix,1708109155
FollowingFeedDoradoCooldownSix,1708184903
FollowingFeedDoradoCooldownSix,1708211597
FollowingFeedDoradoCooldownSix,1708341380
FollowingFeedDoradoCooldownSix,1708341393
FollowingFeedDoradoCooldownSix,1708350798
FollowingFeedDoradoCooldownSix,1708365325
FollowingFeedDoradoCooldownSix,1708431230
FollowingFeedDoradoCooldownSix,1708523977
FollowingFeedDoradoCooldownSix,1708559348
FollowingFeedDoradoCooldownSix,1708603931
FollowingFeedDoradoCooldownSix,1708614443
FollowingFeedDoradoCooldownSix,1708655392
FollowingFeedDoradoCooldownSix,1708655393
FollowingFeedDoradoCooldownSix,1708701582
FollowingFeedDoradoCooldownSix,1708787448
FollowingFeedDoradoCooldownSix,1708813961
FollowingFeedDoradoCooldownSix,1708817126
FollowingFeedDoradoCooldownSix,1708954447
FollowingFeedDoradoCooldownSix,1708957432
FollowingFeedDoradoCooldownSix,1708969275
FollowingFeedDoradoCooldownSix,1708975720
FollowingFeedDoradoCooldownSix,1708986982
FollowingFeedDoradoCooldownSix,1709128953
FollowingFeedDoradoCooldownSix,1709131262
FollowingFeedDoradoCooldownSix,1709149432
FollowingFeedDoradoCooldownSix,1709222169
FollowingFeedDoradoCooldownSix,1709230135
FollowingFeedDoradoCooldownSix,1709305529
FollowingFeedDoradoCooldownSix,1709581751
FollowingFeedDoradoCooldownSix,1709725881
FollowingFeedDoradoCooldownSix,1709725882
FollowingFeedDoradoCooldownSix,1709908960
FollowingFeedDoradoCooldownSix,1709938128
FollowingFeedDoradoCooldownSix,1710093477
FollowingFeedDoradoCooldownSix,1710100364
FollowingFeedDoradoCooldownSix,1710108907
FollowingFeedDoradoCooldownSix,1710156523
FollowingFeedDoradoCooldownSix,1718307781
FollowingFeedDoradoCooldownSix,1718371838
FollowingFeedDoradoCooldownSix,1718387359
FollowingFeedDoradoCooldownSix,1718390835
FollowingFeedDoradoCooldownTen,1677367558
FollowingFeedDoradoCooldownTen,1677367559
FollowingFeedDoradoCooldownTen,1677367692
FollowingFeedDoradoCooldownTen,1677505735
FollowingFeedDoradoCooldownTen,1677505736
FollowingFeedDoradoCooldownTen,1677505745
FollowingFeedDoradoCooldownTen,1677545193
FollowingFeedDoradoCooldownTen,1677545211
FollowingFeedDoradoCooldownTen,1677545238
FollowingFeedDoradoCooldownTen,1677545239
FollowingFeedDoradoCooldownTen,1677595537
FollowingFeedDoradoCooldownTen,1677600060
FollowingFeedDoradoCooldownTen,1677628341
FollowingFeedDoradoCooldownTen,1677628342
FollowingFeedDoradoCooldownTen,1677628345
FollowingFeedDoradoCooldownTen,1677690148
FollowingFeedDoradoCooldownTen,1677690149
FollowingFeedDoradoCooldownTen,1677731069
FollowingFeedDoradoCooldownTen,1677731070
FollowingFeedDoradoCooldownTen,1677731087
FollowingFeedDoradoCooldownTen,1677813762
FollowingFeedDoradoCooldownTen,1677813763
FollowingFeedDoradoCooldownTen,1677843286
FollowingFeedDoradoCooldownTen,1677843287
FollowingFeedDoradoCooldownTen,1677855011
FollowingFeedDoradoCooldownTen,1677878389
FollowingFeedDoradoCooldownTen,1677892185
FollowingFeedDoradoCooldownTen,1677892186
FollowingFeedDoradoCooldownTen,1677907693
FollowingFeedDoradoCooldownTen,1677907696
FollowingFeedDoradoCooldownTen,1677974429
FollowingFeedDoradoCooldownTen,1677974431
FollowingFeedDoradoCooldownTen,1678024780
FollowingFeedDoradoCooldownTen,1678024965
FollowingFeedDoradoCooldownTen,1678029738
FollowingFeedDoradoCooldownTen,1678043138
FollowingFeedDoradoCooldownTen,1678043139
FollowingFeedDoradoCooldownTen,1678114856
FollowingFeedDoradoCooldownTen,1678114958
FollowingFeedDoradoCooldownTen,1678114959
FollowingFeedDoradoCooldownTen,1678123353
FollowingFeedDoradoCooldownTen,1678148434
FollowingFeedDoradoCooldownTen,1678148435
FollowingFeedDoradoCooldownTen,1678199680
FollowingFeedDoradoCooldownTen,1678199681
FollowingFeedDoradoCooldownTen,1678277333
FollowingFeedDoradoCooldownTen,1678286055
FollowingFeedDoradoCooldownTen,1678319955
FollowingFeedDoradoCooldownTen,1678319957
FollowingFeedDoradoCooldownTen,1678335670
FollowingFeedDoradoCooldownTen,1678364693
FollowingFeedDoradoCooldownTen,1678364694
FollowingFeedDoradoCooldownTen,1678370100
FollowingFeedDoradoCooldownTen,1678370101
FollowingFeedDoradoCooldownTen,1678416902
FollowingFeedDoradoCooldownTen,1678458779
FollowingFeedDoradoCooldownTen,1678458780
FollowingFeedDoradoCooldownTen,1678504155
FollowingFeedDoradoCooldownTen,1678504158
FollowingFeedDoradoCooldownTen,1678635899
FollowingFeedDoradoCooldownTen,1678638000
FollowingFeedDoradoCooldownTen,1678642146
FollowingFeedDoradoCooldownTen,1678661667
FollowingFeedDoradoCooldownTen,1678661668
FollowingFeedDoradoCooldownTen,1678675497
FollowingFeedDoradoCooldownTen,1678675498
FollowingFeedDoradoCooldownTen,1678676362
FollowingFeedDoradoCooldownTen,1678676363
FollowingFeedDoradoCooldownTen,1678743727
FollowingFeedDoradoCooldownTen,1678841066
FollowingFeedDoradoCooldownTen,1678841070
FollowingFeedDoradoCooldownTen,1678850194
FollowingFeedDoradoCooldownTen,1678931608
FollowingFeedDoradoCooldownTen,1678931609
FollowingFeedDoradoCooldownTen,1678977820
FollowingFeedDoradoCooldownTen,1679021960
FollowingFeedDoradoCooldownTen,1679021961
FollowingFeedDoradoCooldownTen,1679142156
FollowingFeedDoradoCooldownTen,1679228180
FollowingFeedDoradoCooldownTen,1679228181
FollowingFeedDoradoCooldownTen,1679273832
FollowingFeedDoradoCooldownTen,1679273833
FollowingFeedDoradoCooldownTen,1679282346
FollowingFeedDoradoCooldownTen,1679282347
FollowingFeedDoradoCooldownTen,1679312503
FollowingFeedDoradoCooldownTen,1679312504
FollowingFeedDoradoCooldownTen,1679406861
FollowingFeedDoradoCooldownTen,1679406862
FollowingFeedDoradoCooldownTen,1679449067
FollowingFeedDoradoCooldownTen,1679449068
FollowingFeedDoradoCooldownTen,1679452387
FollowingFeedDoradoCooldownTen,1679452388
FollowingFeedDoradoCooldownTen,1679522201
FollowingFeedDoradoCooldownTen,1679569176
FollowingFeedDoradoCooldownTen,1679569177
FollowingFeedDoradoCooldownTen,1679664894
FollowingFeedDoradoCooldownTen,1679664895
FollowingFeedDoradoCooldownTen,1679746584
FollowingFeedDoradoCooldownTen,1679746586
FollowingFeedDoradoCooldownTen,1679837531
FollowingFeedDoradoCooldownTen,1679837532
FollowingFeedDoradoCooldownTen,1679837675
FollowingFeedDoradoCooldownTen,1679857903
FollowingFeedDoradoCooldownTen,1679857939
FollowingFeedDoradoCooldownTen,1679857941
FollowingFeedDoradoCooldownTen,1679859590
FollowingFeedDoradoCooldownTen,1679859594
FollowingFeedDoradoCooldownTen,1679886345
FollowingFeedDoradoCooldownTen,1679886346
FollowingFeedDoradoCooldownTen,1679967251
FollowingFeedDoradoCooldownTen,1679967252
FollowingFeedDoradoCooldownTen,1680031826
FollowingFeedDoradoCooldownTen,1680031829
FollowingFeedDoradoCooldownTen,1680031833
FollowingFeedDoradoCooldownTen,1680050916
FollowingFeedDoradoCooldownTen,1680146497
FollowingFeedDoradoCooldownTen,1680146498
FollowingFeedDoradoCooldownTen,1680191494
FollowingFeedDoradoCooldownTen,1680191495
FollowingFeedDoradoCooldownTen,1680231191
FollowingFeedDoradoCooldownTen,1680297850
FollowingFeedDoradoCooldownTen,1680297851
FollowingFeedDoradoCooldownTen,1680298032
FollowingFeedDoradoCooldownTen,1680298033
FollowingFeedDoradoCooldownTen,1680316176
FollowingFeedDoradoCooldownTen,1680316177
FollowingFeedDoradoCooldownTen,1680439018
FollowingFeedDoradoCooldownTen,1680439019
FollowingFeedDoradoCooldownTen,1680467552
FollowingFeedDoradoCooldownTen,1680521272
FollowingFeedDoradoCooldownTen,1680521273
FollowingFeedDoradoCooldownTen,1680879629
FollowingFeedDoradoCooldownTen,1680879630
FollowingFeedDoradoCooldownTen,1680982626
FollowingFeedDoradoCooldownTen,1680982627
FollowingFeedDoradoCooldownTen,1681009602
FollowingFeedDoradoCooldownTen,1681009603
FollowingFeedDoradoCooldownTen,1681230567
FollowingFeedDoradoCooldownTen,1681230568
FollowingFeedDoradoCooldownTen,1681257287
FollowingFeedDoradoCooldownTen,1681257289
FollowingFeedDoradoCooldownTen,1681298925
FollowingFeedDoradoCooldownTen,1681325392
FollowingFeedDoradoCooldownTen,1681354910
FollowingFeedDoradoCooldownTen,1681354913
FollowingFeedDoradoCooldownTen,1681424804
FollowingFeedDoradoCooldownTen,1681424805
FollowingFeedDoradoCooldownTen,1681468601
FollowingFeedDoradoCooldownTen,1681468602
FollowingFeedDoradoCooldownTen,1681480221
FollowingFeedDoradoCooldownTen,1681480222
FollowingFeedDoradoCooldownTen,1681560069
FollowingFeedDoradoCooldownTen,1681560070
FollowingFeedDoradoCooldownTen,1681561553
FollowingFeedDoradoCooldownTen,1681561554
FollowingFeedDoradoCooldownTen,1681614126
FollowingFeedDoradoCooldownTen,1681614129
FollowingFeedDoradoCooldownTen,1681680766
FollowingFeedDoradoCooldownTen,1681680767
FollowingFeedDoradoCooldownTen,1681700303
FollowingFeedDoradoCooldownTen,1681700304
FollowingFeedDoradoCooldownTen,1681730692
FollowingFeedDoradoCooldownTen,1681730693
FollowingFeedDoradoCooldownTen,1681783671
FollowingFeedDoradoCooldownTen,1681783672
FollowingFeedDoradoCooldownTen,1681787331
FollowingFeedDoradoCooldownTen,1681787332
FollowingFeedDoradoCooldownTen,1681821882
FollowingFeedDoradoCooldownTen,1681821883
FollowingFeedDoradoCooldownTen,1681859708
FollowingFeedDoradoCooldownTen,1681861289
FollowingFeedDoradoCooldownTen,1681861290
FollowingFeedDoradoCooldownTen,1681908896
FollowingFeedDoradoCooldownTen,1681908897
FollowingFeedDoradoCooldownTen,1681908935
FollowingFeedDoradoCooldownTen,1681992826
FollowingFeedDoradoCooldownTen,1681992827
ClubDetailV2FirstVisitModal,1689676822
NewTermsOfService,1688244157
SuggestedRoutesInFeed,1698510563
SuggestedRoutesInFeed,1698511836
SuggestedRoutesInFeed,1698515464
SuggestedRoutesInFeed,1698520706
SuggestedRoutesInFeed,1698524178
SuggestedRoutesInFeed,1698528727
SuggestedRoutesInFeed,1698585591
SuggestedRoutesInFeed,1698887561
SuggestedRoutesInFeed,1698894413
SuggestedRoutesInFeed,1699019080
SuggestedRoutesInFeed,1699063177
SuggestedRoutesInFeed,1699112797
SuggestedRoutesInFeed,1699113722
SuggestedRoutesInFeed,1699216473
SuggestedRoutesInFeed,1699530728
SuggestedRoutesInFeed,1699626283
SuggestedRoutesInFeed,1699790141
SuggestedRoutesInFeed,1699800415
SuggestedRoutesInFeed,1700232110
SuggestedRoutesInFeed,1700232111
SuggestedRoutesInFeed,1700332542
SuggestedRoutesInFeed,1700414215
SuggestedRoutesInFeed,1700433865
SuggestedRoutesInFeed,1700837026
SuggestedRoutesInFeed,1700850638
SuggestedRoutesInFeed,1700871260
SuggestedRoutesInFeed,1700930504
SuggestedRoutesInFeed,1700933578
SuggestedRoutesInFeed,1701022271
SuggestedRoutesInFeed,1701023392
SuggestedRoutesInFeed,1701619477
SuggestedRoutesInFeed,1701626247
SuggestedRoutesInFeed,1701627298
SuggestedRoutesInFeed,1701637308
SuggestedRoutesInFeed,1701640131
SuggestedRoutesInFeed,1702077594
SuggestedRoutesInFeed,1702129280
SuggestedRoutesInFeed,1702557945
SuggestedRoutesInFeed,1702561638
SuggestedRoutesInFeed,1702651062
SuggestedRoutesInFeed,1702729007
SuggestedRoutesInFeed,1702729035
SuggestedRoutesInFeed,1702752431
SuggestedRoutesInFeed,1702827933
SuggestedRoutesInFeed,1703188079
SuggestedRoutesInFeed,1703245254
SuggestedRoutesInFeed,1703786546
SuggestedRoutesInFeed,1703789605
SuggestedRoutesInFeed,1703789607
SuggestedRoutesInFeed,1703962816
SuggestedRoutesInFeed,1704061610
SuggestedRoutesInFeed,1704381499
SuggestedRoutesInFeed,1704382614
SuggestedRoutesInFeed,1704414214
SuggestedRoutesInFeed,1704421635
SuggestedRoutesInFeed,1704467172
SuggestedRoutesInFeed,1704492545
SuggestedRoutesInFeed,1704637837
SuggestedRoutesInFeed,1704665850
SuggestedRoutesInFeed,1704983111
SuggestedRoutesInFeed,1705070136
SuggestedRoutesInFeed,1705156694
SuggestedRoutesInFeed,1705195926
SuggestedRoutesInFeed,1705237815
SuggestedRoutesInFeed,1705578653
SuggestedRoutesInFeed,1705624165
SuggestedRoutesInFeed,1705689639
SuggestedRoutesInFeed,1705772603
SuggestedRoutesInFeed,1705797646
SuggestedRoutesInFeed,1705797647
SuggestedRoutesInFeed,1705843587
SuggestedRoutesInFeed,1705845359
SuggestedRoutesInFeed,1705868432
SuggestedRoutesInFeed,1705877355
SuggestedRoutesInFeed,1705880858
SuggestedRoutesInFeed,1706193905
SuggestedRoutesInFeed,1706789332
SuggestedRoutesInFeed,1706790653
SuggestedRoutesInFeed,1706833024
SuggestedRoutesInFeed,1706976076
SuggestedRoutesInFeed,1707061476
SuggestedRoutesInFeed,1707356316
SuggestedRoutesInFeed,1707441307
SuggestedRoutesInFeed,1707479205
SuggestedRoutesInFeed,1707486579
SuggestedRoutesInFeed,1708053880
SuggestedRoutesInFeed,1708109155
SuggestedRoutesInFeed,1708603931
SuggestedRoutesInFeed,1708614443
SuggestedRoutesInFeed,1708655392
SuggestedRoutesInFeed,1708655393
SuggestedRoutesInFeed,1708701582
SuggestedRoutesInFeed,1708787448
SuggestedRoutesInFeed,1708813961
SuggestedRoutesInFeed,1708817126
SuggestedRoutesInFeed,1709222169
SuggestedRoutesInFeed,1709230135
SuggestedRoutesInFeed,1709305529
SuggestedRoutesInFeed,1709393880
SuggestedRoutesInFeed,1709419154
SuggestedRoutesInFeed,1709501489
SuggestedRoutesInFeed,1709501490
SuggestedRoutesInFeed,1709908960
SuggestedRoutesInFeed,1709938128
SuggestedRoutesInFeed,1710093477
SuggestedRoutesInFeed,1710100364
SuggestedRoutesInFeed,1710108907
SuggestedRoutesInFeed,1718244559
SuggestedRoutesInFeed,1718281815
SuggestedRoutesInFeed,1718307781
SuggestedRoutesInFeed,1718371838
SuggestedRoutesInFeed,1718387359
SuggestedRoutesInFeed,1718390835
Utmb2023ProCarousel,1692840876
Utmb2023ProCarousel,1692931033
Utmb2023ProCarousel,1693019381
Utmb2023ProCarousel,1693158274
Utmb2023ProCarousel,1693305693
Utmb2023ProCarousel,1693399435
Utmb2023ProCarousel,1693532009
Utmb2023ProCarousel,1693660189
Utmb2023ProCarousel,1693761212
YouTabProfileMove,1700060038
YearInSport2023PreviewStarted,1704133428
ChatShareActivityInMessageCoachmark,1701729637
ChatFeatureTryCtaImpression,1701729635
ChatFeatureTryCtaImpression,1713349151
ChatFeatureImpression,1702129283
ChatFeatureCreateChannelCoachmark,1702129286
FlyoverEducationCoachmark,1707139734
YiSFeedCarousel2023,1702651062
YiSFeedCarousel2023,1702729007
YiSFeedCarousel2023,1702729035
YiSFeedCarousel2023,1702752431
YiSFeedCarousel2023,1703524040
YiSFeedCarousel2023,1703524163
YiSFeedCarousel2023,1703655428
YiSFeedCarousel2023,1703655429
YiSFeedCarousel2023,1704133357
YiSFeedCarousel2023,1704137702
YiSFeedCarousel2023,1704286739
YiSFeedCarousel2023,1704296958
ADPHalfsheetUpsell,1707606293
ADPHalfsheetUpsell,1707606295
ADPHalfsheetUpsell,1707840260
ADPHalfsheetUpsell,1707840262
ADPHalfsheetUpsell,1708184908
ADPHalfsheetUpsell,1708184911
ADPHalfsheetUpsell,1708365342
ADPHalfsheetUpsell,1708365344
ADPHalfsheetUpsell,1709393931
ADPHalfsheetUpsell,1709734000
ADPHalfsheetUpsell,1709909114
ADPHalfsheetUpsell,1710099717
ADPHalfsheetUpsell,1718371849
ActivityDetailsShareCoachmark,1708185186
EditActivityUpsell,1709418889
EditActivityUpsell,1709909120
ActivityQuickEdit,1717937679
ActivityQuickEdit,1718063119
ActivityQuickEdit,1718148766
ActivityQuickEdit,1718148954
ActivityQuickEdit,1718148994
ActivityQuickEdit,1718195551
ActivityQuickEdit,1718371839
ActivityQuickEdit,1718390839
ProgressUpsell,1718387365
AllSubscriptionUpsells,1718387365
MapsRedesignModalUnseen,1714792221
MapRedesignTooltipSavedUnseen,1714821824
