Reaction Date,Reaction Type,Parent Type,Parent ID
"Jul 10, 2019, 10:35:19 PM",Kudos,Activity,2516245311
"Jul 14, 2019, 7:47:59 PM",Kudos,Activity,2529910570
"Jul 14, 2019, 7:48:36 PM",Kudos,Activity,2531676450
"Jul 14, 2019, 7:48:48 PM",Kudos,Activity,2528108814
"Jul 21, 2019, 2:15:02 AM",Kudos,Activity,2547708691
"Jul 27, 2019, 6:07:46 PM",Kudos,Activity,2565629930
"Jul 27, 2019, 6:07:51 PM",Kudos,Activity,2565398564
"Jul 27, 2019, 6:08:05 PM",Kudos,Activity,2567074255
"Jul 27, 2019, 6:08:08 PM",Kudos,Activity,2567376971
"Jul 28, 2019, 4:46:15 PM",Kudos,Activity,2570097345
"Jul 28, 2019, 4:46:15 PM",Kudos,Activity,2569163865
"Jul 28, 2019, 4:46:15 PM",Kudos,Activity,2570616671
"Jul 28, 2019, 10:38:43 PM",Kudos,Activity,2571289589
"Jul 29, 2019, 2:10:40 AM",Kudos,Activity,2571268242
"Jul 29, 2019, 5:04:16 PM",Kudos,Activity,2572829383
"Aug 3, 2019, 3:26:27 PM",Kudos,Activity,2587163321
"Aug 3, 2019, 3:26:41 PM",Kudos,Activity,2585301372
"Aug 5, 2019, 2:21:47 AM",Kudos,Activity,2591676799
"Aug 5, 2019, 2:21:51 AM",Kudos,Activity,2588344344
"Aug 5, 2019, 2:21:54 AM",Kudos,Activity,2591159415
"Aug 28, 2019, 2:31:54 AM",Kudos,Activity,2651044577
"Sep 2, 2019, 9:37:41 AM",Kudos,Activity,2672145809
"Sep 2, 2019, 9:38:19 AM",Kudos,Activity,2667844840
"Sep 2, 2019, 9:38:24 AM",Kudos,Activity,2668291434
"Sep 2, 2019, 9:38:27 AM",Kudos,Activity,2668209835
"Nov 18, 2019, 1:25:43 PM",Kudos,Activity,2865478846
"Nov 22, 2019, 2:35:18 PM",Kudos,Activity,2882119135
"Nov 22, 2019, 2:35:27 PM",Kudos,Activity,2881631680
"Nov 22, 2019, 2:35:30 PM",Kudos,Activity,2882202317
"Nov 29, 2019, 3:04:01 PM",Kudos,Activity,2897283950
"Dec 9, 2019, 3:29:24 PM",Kudos,Activity,2921813059
"Dec 9, 2019, 3:29:34 PM",Kudos,Activity,2920683764
"Dec 23, 2019, 9:01:22 AM",Kudos,Activity,2942218713
"Dec 23, 2019, 11:15:36 AM",Kudos,Activity,2950902130
"Jan 8, 2020, 6:10:52 PM",Kudos,Activity,2993186321
"Jan 9, 2020, 1:20:01 PM",Kudos,Activity,2994650542
"Jan 9, 2020, 1:20:02 PM",Kudos,Activity,2994769129
"Jan 21, 2020, 12:23:39 AM",Kudos,Activity,3025463395
"Jan 21, 2020, 12:23:56 AM",Kudos,Activity,3026720348
"Jan 21, 2020, 12:24:06 AM",Kudos,Activity,3023180453
"Jan 23, 2020, 4:18:29 PM",Kudos,Activity,3029593050
"Jan 23, 2020, 4:18:32 PM",Kudos,Activity,3032496003
"Jan 23, 2020, 4:18:35 PM",Kudos,Activity,3032578638
"Jan 23, 2020, 4:19:05 PM",Kudos,Activity,3023358108
"Jan 23, 2020, 4:19:39 PM",Kudos,Activity,3002144205
"Jan 30, 2020, 4:41:26 AM",Kudos,Activity,3050493541
"Jan 30, 2020, 4:41:30 AM",Kudos,Activity,3049477988
"Jan 30, 2020, 4:41:45 AM",Kudos,Activity,3046058914
"Feb 1, 2020, 1:57:13 PM",Kudos,Activity,3061962505
"Feb 1, 2020, 1:57:18 PM",Kudos,Activity,3060623904
"Feb 4, 2020, 1:30:49 PM",Kudos,Activity,3069541949
"Feb 5, 2020, 4:28:19 AM",Kudos,Activity,3072422796
"Feb 5, 2020, 7:58:43 PM",Kudos,Activity,3073914236
"Feb 5, 2020, 7:59:02 PM",Kudos,Activity,3071745066
"Feb 5, 2020, 7:59:18 PM",Kudos,Activity,3070917010
"Feb 11, 2020, 5:45:49 PM",Kudos,Activity,3090522045
"Feb 16, 2020, 2:30:42 AM",Kudos,Activity,3102745527
"Feb 16, 2020, 2:30:47 AM",Kudos,Activity,3103123500
"Feb 16, 2020, 2:30:51 AM",Kudos,Activity,3102829453
"Feb 18, 2020, 7:37:38 PM",Kudos,Activity,3109286542
"Feb 18, 2020, 7:37:39 PM",Kudos,Activity,3109437360
"Feb 18, 2020, 7:37:46 PM",Kudos,Activity,3109377457
"Feb 20, 2020, 2:40:37 AM",Kudos,Activity,3113445322
"Feb 25, 2020, 12:32:13 AM",Kudos,Activity,3126646643
"Feb 25, 2020, 12:32:42 AM",Kudos,Activity,3120604046
"Mar 23, 2020, 3:26:21 PM",Kudos,Activity,3208829168
"Mar 23, 2020, 3:26:40 PM",Kudos,Activity,3208455788
"Mar 23, 2020, 3:27:11 PM",Kudos,Activity,3204908580
"Mar 23, 2020, 3:27:22 PM",Kudos,Activity,3204914291
"Mar 23, 2020, 3:27:26 PM",Kudos,Activity,3198841325
"Mar 27, 2020, 1:54:52 AM",Kudos,Activity,3222237200
"Mar 29, 2020, 11:02:59 PM",Kudos,Activity,3232535328
"Mar 31, 2020, 12:03:24 AM",Kudos,Activity,3236622209
"Apr 4, 2020, 5:12:39 AM",Kudos,Activity,3244427091
"Apr 4, 2020, 1:24:03 PM",Kudos,Activity,3251855374
"Apr 4, 2020, 1:24:07 PM",Kudos,Activity,3251743968
"Apr 6, 2020, 3:15:10 PM",Kudos,Activity,3262321413
"Apr 6, 2020, 3:15:17 PM",Kudos,Activity,3262043070
"Apr 6, 2020, 3:15:26 PM",Kudos,Activity,3255425618
"Apr 6, 2020, 3:15:31 PM",Kudos,Activity,3255493404
"Apr 6, 2020, 3:15:34 PM",Kudos,Activity,3259488263
"Apr 10, 2020, 1:57:59 PM",Kudos,Activity,3277521806
"Apr 13, 2020, 6:41:25 PM",Kudos,Activity,3294770587
"Apr 13, 2020, 6:41:54 PM",Kudos,Activity,3294456946
"Apr 19, 2020, 5:43:52 PM",Kudos,Activity,3321919157
"Apr 24, 2020, 2:01:39 PM",Kudos,Activity,3337304496
"May 2, 2020, 1:32:06 AM",Kudos,Activity,3381602723
"May 7, 2020, 10:31:45 PM",Kudos,Activity,3413902533
"May 10, 2020, 7:49:53 PM",Kudos,Activity,3425167214
"May 10, 2020, 7:50:40 PM",Kudos,Activity,3420914292
"May 13, 2020, 11:01:26 PM",Kudos,Activity,3446616117
"May 15, 2020, 2:06:11 PM",Kudos,Activity,3452893417
"May 15, 2020, 2:06:27 PM",Kudos,Activity,3447572161
"May 15, 2020, 4:55:54 PM",Kudos,Activity,3455646953
"May 17, 2020, 4:04:07 AM",Kudos,Activity,3463244763
"May 17, 2020, 4:04:22 AM",Kudos,Activity,3462365490
"May 30, 2020, 7:44:25 PM",Kudos,Activity,3535963335
"May 30, 2020, 7:44:31 PM",Kudos,Activity,3531406974
"May 30, 2020, 7:44:42 PM",Kudos,Activity,3537406960
"May 30, 2020, 7:44:50 PM",Kudos,Activity,3537323695
"May 30, 2020, 7:44:58 PM",Kudos,Activity,3535739317
"May 30, 2020, 7:45:08 PM",Kudos,Activity,3528389145
"Jun 7, 2020, 10:37:30 PM",Kudos,Activity,3580425228
"Jun 7, 2020, 10:37:51 PM",Kudos,Activity,3574476836
"Jun 15, 2020, 8:30:21 PM",Kudos,Activity,3610701056
"Jun 22, 2020, 11:21:06 PM",Kudos,Activity,3651639500
"Jun 22, 2020, 11:21:19 PM",Kudos,Activity,3651577951
"Jun 22, 2020, 11:21:25 PM",Kudos,Activity,3651341812
"Jun 22, 2020, 11:21:52 PM",Kudos,Activity,3651182130
"Jun 26, 2020, 4:29:38 PM",Kudos,Activity,3672082243
"Jun 28, 2020, 8:56:36 PM",Kudos,Activity,3680873677
"Jun 28, 2020, 8:56:42 PM",Kudos,Activity,3683941347
"Jul 4, 2020, 10:45:05 PM",Kudos,Activity,3714431928
"Jul 12, 2020, 9:14:53 PM",Kudos,Activity,3753110077
"Jul 13, 2020, 1:02:56 PM",Kudos,Activity,3755474920
"Jul 13, 2020, 1:03:17 PM",Kudos,Activity,3751313444
"Jul 16, 2020, 1:19:22 AM",Kudos,Activity,3768560147
"Jul 16, 2020, 10:38:15 PM",Kudos,Activity,3769107357
"Jul 20, 2020, 10:33:44 PM",Kudos,Activity,3781421205
"Jul 25, 2020, 1:39:25 PM",Kudos,Activity,3808341796
"Jul 29, 2020, 2:35:04 PM",Kudos,Activity,3830722962
"Jul 29, 2020, 2:35:19 PM",Kudos,Activity,3830368096
"Aug 9, 2020, 1:23:13 AM",Kudos,Activity,3884019205
"Aug 9, 2020, 1:23:22 AM",Kudos,Activity,3870267225
"Aug 10, 2020, 1:41:55 AM",Kudos,Activity,3889276417
"Aug 10, 2020, 1:41:56 AM",Kudos,Activity,3889244729
"Aug 14, 2020, 9:21:07 PM",Kudos,Activity,3907635194
"Aug 19, 2020, 8:52:07 PM",Kudos,Activity,3936379878
"Aug 19, 2020, 8:52:18 PM",Kudos,Activity,3935524352
"Aug 22, 2020, 12:17:23 AM",Kudos,Activity,3945420586
"Aug 22, 2020, 12:19:17 AM",Kudos,Activity,3938837981
"Aug 22, 2020, 10:23:06 PM",Kudos,Activity,3951214390
"Aug 22, 2020, 10:23:12 PM",Kudos,Activity,3949731393
"Aug 27, 2020, 9:43:37 PM",Kudos,Activity,3973389966
"Aug 28, 2020, 12:31:24 PM",Kudos,Activity,3975742852
"Aug 28, 2020, 12:31:33 PM",Kudos,Activity,3975102897
"Aug 28, 2020, 2:01:32 PM",Kudos,Activity,3977277858
"Aug 29, 2020, 4:48:27 PM",Kudos,Activity,3982694043
"Aug 29, 2020, 6:33:48 PM",Kudos,Activity,3983001910
"Aug 30, 2020, 4:16:49 AM",Kudos,Activity,3983623554
"Sep 5, 2020, 12:46:56 AM",Kudos,Activity,4010953061
"Sep 12, 2020, 5:21:30 PM",Kudos,Activity,4046414422
"Sep 12, 2020, 5:21:36 PM",Kudos,Activity,4045744943
"Sep 15, 2020, 12:47:31 PM",Kudos,Activity,4060339013
"Sep 15, 2020, 12:47:58 PM",Kudos,Activity,4055680828
"Sep 24, 2020, 9:33:14 PM",Kudos,Activity,4107685033
"Oct 2, 2020, 10:12:56 PM",Kudos,Activity,4139769612
"Oct 8, 2020, 4:37:37 PM",Kudos,Activity,4156986983
"Oct 8, 2020, 4:38:00 PM",Kudos,Activity,4156672713
"Oct 25, 2020, 3:05:50 PM",Kudos,Activity,4236837823
"Nov 3, 2020, 3:34:21 AM",Kudos,Activity,4278013850
"Nov 3, 2020, 3:34:46 AM",Kudos,Activity,4269298348
"Nov 3, 2020, 8:37:53 PM",Kudos,Activity,4280887835
"Nov 7, 2020, 2:21:10 PM",Kudos,Activity,4299256049
"Nov 11, 2020, 8:11:29 PM",Kudos,Activity,4319976401
"Nov 11, 2020, 10:40:11 PM",Kudos,Activity,4324669688
"Nov 11, 2020, 10:40:28 PM",Kudos,Activity,4324688255
"Nov 11, 2020, 10:40:35 PM",Kudos,Activity,4315267391
"Nov 11, 2020, 10:40:43 PM",Kudos,Activity,4315102245
"Nov 11, 2020, 10:40:52 PM",Kudos,Activity,4304618964
"Nov 22, 2020, 2:52:46 PM",Kudos,Activity,4366216929
"Nov 22, 2020, 11:33:45 PM",Kudos,Activity,4377569402
"Nov 22, 2020, 11:33:54 PM",Kudos,Activity,4376518863
"Nov 22, 2020, 11:34:27 PM",Kudos,Activity,4376447002
"Nov 28, 2020, 7:23:21 PM",Kudos,Activity,4400105805
"Dec 8, 2020, 12:38:17 AM",Kudos,Activity,4443696534
"Dec 8, 2020, 12:38:36 AM",Kudos,Activity,4442195796
"Dec 8, 2020, 12:38:45 AM",Kudos,Activity,4439793616
"Dec 13, 2020, 2:29:02 PM",Kudos,Activity,4465102697
"Dec 13, 2020, 2:29:45 PM",Kudos,Activity,4455495309
"Dec 13, 2020, 2:29:48 PM",Kudos,Activity,4451825270
"Dec 23, 2020, 6:53:43 PM",Kudos,Activity,4506229292
"Dec 23, 2020, 6:53:56 PM",Kudos,Activity,4506415908
"Dec 23, 2020, 6:54:06 PM",Kudos,Activity,4509272896
"Jan 11, 2021, 4:17:43 AM",Kudos,Activity,4601451727
"Jan 24, 2021, 2:34:21 AM",Kudos,Activity,4670013700
"Jan 24, 2021, 2:51:31 AM",Kudos,Activity,4671064099
"Jan 31, 2021, 4:51:59 PM",Kudos,Activity,4706765600
"Feb 2, 2021, 6:33:53 PM",Kudos,Activity,4714524490
"Feb 3, 2021, 2:06:58 PM",Kudos,Activity,4724508103
"Feb 3, 2021, 2:07:18 PM",Kudos,Activity,4724894861
"Feb 4, 2021, 4:21:10 AM",Kudos,Activity,4730610627
"Feb 4, 2021, 4:21:15 AM",Kudos,Activity,4729277823
"Feb 10, 2021, 4:42:25 PM",Kudos,Activity,4763114885
"Feb 10, 2021, 4:42:28 PM",Kudos,Activity,4763419655
"Mar 4, 2021, 3:02:45 AM",Kudos,Activity,4880488728
"Mar 31, 2021, 10:28:44 PM",Kudos,Activity,5046084881
"Apr 1, 2021, 12:13:15 PM",Kudos,Activity,5038917772
"Apr 1, 2021, 12:13:18 PM",Kudos,Activity,5040887510
"Apr 1, 2021, 12:13:21 PM",Kudos,Activity,5034542230
"Apr 1, 2021, 12:13:24 PM",Kudos,Activity,5040886222
"Apr 5, 2021, 12:07:12 AM",Kudos,Activity,5064114041
"Apr 5, 2021, 12:08:53 AM",Kudos,Activity,5063196116
"Apr 5, 2021, 12:09:01 AM",Kudos,Activity,5064809995
"Apr 12, 2021, 1:07:21 AM",Kudos,Activity,5111549509
"Apr 19, 2021, 12:47:38 PM",Kudos,Activity,5144043677
"Apr 19, 2021, 12:48:04 PM",Kudos,Activity,5133864389
"Apr 23, 2021, 12:30:58 AM",Kudos,Activity,5174838265
"Apr 24, 2021, 3:27:13 AM",Kudos,Activity,5175368972
"May 5, 2021, 11:14:38 PM",Kudos,Activity,5248235267
"May 6, 2021, 12:03:45 AM",Kudos,Activity,5243439982
"May 6, 2021, 12:04:04 AM",Kudos,Activity,5243515835
"May 6, 2021, 12:04:07 AM",Kudos,Activity,5248666618
"May 23, 2021, 4:01:53 AM",Kudos,Activity,5339720800
"May 24, 2021, 12:29:37 PM",Kudos,Activity,5346346031
"Jun 20, 2021, 10:27:54 PM",Kudos,Activity,5498051417
"Jun 20, 2021, 10:28:31 PM",Kudos,Activity,5487497208
"Jul 4, 2021, 9:19:57 PM",Kudos,Activity,5575149939
"Jul 8, 2021, 4:41:18 AM",Kudos,Activity,5592135010
"Jul 27, 2021, 3:05:40 AM",Kudos,Activity,5692488857
"Jul 27, 2021, 3:05:44 AM",Kudos,Activity,5681408540
"Aug 15, 2021, 8:13:11 PM",Kudos,Activity,5798165163
"Aug 15, 2021, 8:13:22 PM",Kudos,Activity,5791251743
"Aug 15, 2021, 8:14:41 PM",Kudos,Activity,5781028587
"Sep 6, 2021, 10:50:00 PM",Kudos,Activity,5904738026
"Sep 6, 2021, 10:50:05 PM",Kudos,Activity,5915867697
"Sep 6, 2021, 10:50:11 PM",Kudos,Activity,5915867221
"Sep 8, 2021, 4:24:42 PM",Kudos,Activity,5926903895
"Sep 8, 2021, 4:24:57 PM",Kudos,Activity,5926586067
"Sep 10, 2021, 5:15:15 PM",Kudos,Activity,5937703207
"Sep 14, 2021, 5:02:14 PM",Kudos,Activity,5942740046
"Sep 14, 2021, 5:02:26 PM",Kudos,Activity,5956656081
"Sep 26, 2021, 3:17:30 AM",Kudos,Activity,6012460974
"Sep 26, 2021, 3:17:39 AM",Kudos,Activity,5998681054
"Sep 28, 2021, 12:01:57 PM",Kudos,Activity,6028170355
"Oct 7, 2021, 10:05:13 PM",Kudos,Activity,6074334287
"Oct 11, 2021, 11:49:19 AM",Kudos,Activity,6089945347
"Oct 11, 2021, 11:49:25 AM",Kudos,Activity,6087658356
"Oct 11, 2021, 11:49:30 AM",Kudos,Activity,6089942161
"Oct 21, 2021, 10:33:51 AM",Kudos,Activity,6143294580
"Oct 21, 2021, 10:34:00 AM",Kudos,Activity,6137128562
"Oct 31, 2021, 1:35:58 AM",Kudos,Activity,6188333022
"Nov 15, 2021, 2:54:01 AM",Kudos,Activity,6259260044
"Dec 1, 2021, 5:47:19 PM",Kudos,Activity,6327818718
"Dec 16, 2021, 2:26:56 AM",Kudos,Activity,6388966780
"Dec 16, 2021, 2:27:10 AM",Kudos,Activity,6385048351
"Dec 16, 2021, 2:27:31 AM",Kudos,Activity,6375948458
"Dec 16, 2021, 2:27:32 AM",Kudos,Activity,6375937716
"Dec 20, 2021, 4:38:26 PM",Kudos,Activity,6404889334
"Jan 9, 2022, 11:08:34 PM",Kudos,Activity,6499249078
"Jan 18, 2022, 4:44:07 AM",Kudos,Activity,6539443870
"Jan 18, 2022, 4:44:09 AM",Kudos,Activity,6541094406
"Jan 18, 2022, 4:44:13 AM",Kudos,Activity,6540331331
"Jan 18, 2022, 4:44:37 AM",Kudos,Activity,6535931415
"Jan 20, 2022, 2:59:50 AM",Kudos,Activity,6551409515
"Jan 21, 2022, 7:55:18 PM",Kudos,Activity,6559064871
"Jan 27, 2022, 11:57:47 AM",Kudos,Activity,6587887185
"Jan 27, 2022, 11:57:50 AM",Kudos,Activity,6587887683
"Jan 27, 2022, 11:57:56 AM",Kudos,Activity,6587338164
"Jan 27, 2022, 11:58:06 AM",Kudos,Activity,6588097930
"Jan 27, 2022, 11:58:11 AM",Kudos,Activity,6586226365
"Feb 5, 2022, 10:29:45 PM",Kudos,Activity,6637333701
"Feb 5, 2022, 10:29:48 PM",Kudos,Activity,6636907960
"Feb 8, 2022, 12:57:09 PM",Kudos,Activity,6647318806
"Feb 8, 2022, 12:57:18 PM",Kudos,Activity,6646556580
"Feb 8, 2022, 12:57:24 PM",Kudos,Activity,6647963767
"Feb 9, 2022, 1:00:49 AM",Kudos,Activity,6651866059
"Feb 16, 2022, 12:06:47 PM",Kudos,Activity,6689388379
"Feb 17, 2022, 7:33:30 PM",Kudos,Activity,6697438179
"Feb 20, 2022, 2:20:08 PM",Kudos,Activity,6708083326
"Feb 20, 2022, 2:20:10 PM",Kudos,Activity,6707309995
"Feb 22, 2022, 1:14:10 PM",Kudos,Activity,6713318154
"Feb 22, 2022, 1:14:25 PM",Kudos,Activity,6714026167
"Mar 7, 2022, 2:18:58 PM",Kudos,Activity,6784364700
"Mar 10, 2022, 3:11:40 AM",Kudos,Activity,6800464889
"Mar 11, 2022, 11:47:02 AM",Kudos,Activity,6803493711
"Mar 13, 2022, 4:29:07 AM",Kudos,Activity,6814882081
"Mar 16, 2022, 2:59:28 AM",Kudos,Activity,6830608079
"Mar 16, 2022, 10:52:28 AM",Kudos,Activity,6831051831
"Mar 17, 2022, 12:58:53 PM",Kudos,Activity,6836060720
"Mar 19, 2022, 3:10:44 AM",Kudos,Activity,6845404799
"Mar 19, 2022, 3:11:14 AM",Kudos,Activity,6840454002
"Mar 20, 2022, 1:42:24 PM",Kudos,Activity,6850193537
"Mar 23, 2022, 9:02:13 PM",Kudos,Activity,6871602777
"Mar 25, 2022, 3:17:57 AM",Kudos,Activity,6878268206
"Mar 28, 2022, 1:22:56 AM",Kudos,Activity,6893776026
"Mar 28, 2022, 6:10:17 PM",Kudos,Activity,6897557160
"Mar 28, 2022, 6:10:31 PM",Kudos,Activity,6894561804
"Mar 28, 2022, 6:10:39 PM",Kudos,Activity,6893723488
"Mar 29, 2022, 10:11:33 PM",Kudos,Activity,6903445731
"Apr 3, 2022, 3:08:32 PM",Kudos,Activity,6926073456
"Apr 3, 2022, 8:16:02 PM",Kudos,Activity,6926670463
"Apr 9, 2022, 6:59:31 PM",Kudos,Activity,6955656604
"Apr 10, 2022, 1:56:44 PM",Kudos,Activity,6958719668
"Apr 11, 2022, 3:22:25 PM",Kudos,Activity,6964646792
"Apr 15, 2022, 2:05:46 PM",Kudos,Activity,6983390851
"Apr 18, 2022, 2:53:21 PM",Kudos,Activity,6999302942
"Apr 21, 2022, 10:09:24 PM",Kudos,Activity,7019895521
"Apr 22, 2022, 1:01:45 AM",Kudos,Activity,7020556635
"Apr 22, 2022, 5:35:41 PM",Kudos,Activity,7022385962
"Apr 24, 2022, 1:20:05 PM",Kudos,Activity,7030913342
"Apr 24, 2022, 1:20:13 PM",Kudos,Activity,7028898061
"Apr 24, 2022, 1:20:18 PM",Kudos,Activity,7028360867
"Apr 25, 2022, 1:17:09 AM",Kudos,Activity,7035775014
"Apr 26, 2022, 4:29:23 PM",Kudos,Activity,7043574932
"Apr 27, 2022, 11:01:10 AM",Kudos,Activity,7046180557
"Apr 27, 2022, 11:01:32 AM",Kudos,Activity,7040983292
"Apr 29, 2022, 3:49:23 PM",Kudos,Activity,7057290549
"May 1, 2022, 1:04:26 PM",Kudos,Activity,7067625773
"May 4, 2022, 10:55:14 AM",Kudos,Activity,7084528324
"May 12, 2022, 11:02:31 AM",Kudos,Activity,7128337094
"May 16, 2022, 11:24:53 AM",Kudos,Activity,7148257759
"May 19, 2022, 11:29:49 AM",Kudos,Activity,7163215103
"May 19, 2022, 11:31:14 AM",Kudos,Activity,7153927820
"May 20, 2022, 2:55:19 AM",Kudos,Activity,7171735669
"May 20, 2022, 2:55:31 AM",Kudos,Activity,7171325066
"May 27, 2022, 10:37:08 AM",Kudos,Activity,7208746781
"May 29, 2022, 4:24:08 AM",Kudos,Activity,7218784326
"May 29, 2022, 4:24:21 AM",Kudos,Activity,7218975924
"May 30, 2022, 10:44:06 AM",Kudos,Activity,7224552474
"Jun 5, 2022, 11:13:23 AM",Kudos,Activity,7254680814
"Jun 8, 2022, 12:53:31 AM",Kudos,Activity,7272597636
"Jun 29, 2022, 12:38:49 PM",Kudos,Activity,7386132099
"Jul 3, 2022, 3:50:33 AM",Kudos,Activity,7398909790
"Jul 3, 2022, 3:50:49 AM",Kudos,Activity,7404575062
"Jul 12, 2022, 3:50:23 PM",Kudos,Activity,7456534940
"Jul 18, 2022, 2:46:40 AM",Kudos,Activity,7486701810
"Aug 1, 2022, 3:02:07 AM",Kudos,Activity,7561491495
"Aug 7, 2022, 12:08:17 PM",Kudos,Activity,7592183626
"Aug 22, 2022, 11:05:28 AM",Kudos,Activity,7678708579
"Aug 22, 2022, 11:06:19 AM",Kudos,Activity,7676919225
"Aug 22, 2022, 11:06:35 AM",Kudos,Activity,7665824742
"Aug 22, 2022, 11:07:19 AM",Kudos,Activity,7661682910
"Aug 28, 2022, 3:26:11 PM",Kudos,Activity,7711401777
"Aug 28, 2022, 3:26:30 PM",Kudos,Activity,7710326278
"Aug 28, 2022, 3:27:00 PM",Kudos,Activity,7708779728
"Sep 2, 2022, 10:58:30 AM",Kudos,Activity,7739786925
"Sep 11, 2022, 11:22:45 AM",Kudos,Activity,7785760324
"Sep 11, 2022, 11:22:54 AM",Kudos,Activity,7785418244
"Sep 11, 2022, 11:23:30 AM",Kudos,Activity,7781831979
"Sep 11, 2022, 11:23:38 AM",Kudos,Activity,7778988160
"Sep 11, 2022, 11:24:02 AM",Kudos,Activity,7774922756
"Sep 12, 2022, 8:06:25 PM",Kudos,Activity,7796722795
"Sep 19, 2022, 4:55:07 AM",Kudos,Activity,7823704047
"Sep 19, 2022, 4:55:15 AM",Kudos,Activity,7823655493
"Sep 19, 2022, 4:55:27 AM",Kudos,Activity,7823970616
"Sep 19, 2022, 4:55:43 AM",Kudos,Activity,7822300913
"Sep 25, 2022, 1:04:38 AM",Kudos,Activity,7861990016
"Sep 25, 2022, 1:04:43 AM",Kudos,Activity,7861082820
"Sep 25, 2022, 1:04:53 AM",Kudos,Activity,7859466321
"Oct 3, 2022, 10:59:12 AM",Kudos,Activity,7896497692
"Oct 5, 2022, 10:48:24 AM",Kudos,Activity,7909942607
"Oct 5, 2022, 10:48:36 AM",Kudos,Activity,7904579237
"Oct 7, 2022, 3:13:03 AM",Kudos,Activity,7923337359
"Oct 10, 2022, 2:07:28 AM",Kudos,Activity,7939052855
"Oct 10, 2022, 2:07:47 AM",Kudos,Activity,7938460955
"Oct 14, 2022, 7:37:45 PM",Kudos,Activity,7962750996
"Oct 16, 2022, 12:22:31 PM",Kudos,Activity,7971541234
"Oct 16, 2022, 10:01:35 PM",Kudos,Activity,7973531899
"Oct 24, 2022, 1:44:40 AM",Kudos,Activity,8008988091
"Oct 24, 2022, 1:44:48 AM",Kudos,Activity,8004097953
"Oct 24, 2022, 1:44:58 AM",Kudos,Activity,8003691740
"Oct 24, 2022, 1:45:01 AM",Kudos,Activity,8003597040
"Oct 24, 2022, 1:45:03 AM",Kudos,Activity,8003424304
"Oct 24, 2022, 1:45:05 AM",Kudos,Activity,8003257184
"Oct 24, 2022, 1:45:07 AM",Kudos,Activity,8002878871
"Oct 24, 2022, 1:45:19 AM",Kudos,Activity,8002660388
"Oct 25, 2022, 6:08:37 PM",Kudos,Activity,8013677690
"Oct 26, 2022, 11:23:04 AM",Kudos,Activity,8019477354
"Oct 27, 2022, 11:22:13 AM",Kudos,Activity,8022937107
"Oct 27, 2022, 11:22:19 AM",Kudos,Activity,8018953227
"Oct 28, 2022, 11:02:55 AM",Kudos,Activity,8030127407
"Oct 28, 2022, 11:03:02 AM",Kudos,Activity,8029882769
"Nov 2, 2022, 11:20:07 AM",Kudos,Activity,8055567314
"Nov 4, 2022, 11:51:07 PM",Kudos,Activity,8069230905
"Nov 4, 2022, 11:51:25 PM",Kudos,Activity,8068510243
"Nov 4, 2022, 11:51:42 PM",Kudos,Activity,8067907365
"Nov 4, 2022, 11:52:11 PM",Kudos,Activity,8063542337
"Nov 8, 2022, 7:47:53 PM",Kudos,Activity,8087990818
"Nov 13, 2022, 1:57:29 PM",Kudos,Activity,8109119929
"Nov 14, 2022, 12:23:20 PM",Kudos,Activity,8114836004
"Nov 21, 2022, 1:16:53 PM",Kudos,Activity,8146528391
"Nov 21, 2022, 1:17:09 PM",Kudos,Activity,8140671213
"Nov 21, 2022, 1:17:18 PM",Kudos,Activity,8140065719
"Dec 7, 2022, 11:17:57 PM",Kudos,Activity,8221283315
"Dec 19, 2022, 12:21:50 PM",Kudos,Activity,8265156505
"Dec 19, 2022, 12:21:58 PM",Kudos,Activity,8265579947
"Dec 24, 2022, 3:35:01 PM",Kudos,Activity,8284162897
"Jan 3, 2023, 3:07:40 AM",Kudos,Activity,8328694874
"Jan 3, 2023, 3:07:42 AM",Kudos,Activity,8328936783
"Jan 3, 2023, 3:08:34 AM",Kudos,Activity,8323290182
"Jan 15, 2023, 7:22:09 PM",Kudos,Activity,8393258158
"Jan 15, 2023, 7:23:15 PM",Kudos,Activity,8397660273
"Jan 16, 2023, 8:27:06 PM",Kudos,Activity,8402878839
"Jan 19, 2023, 12:04:55 PM",Kudos,Activity,8415756118
"Jan 19, 2023, 12:05:26 PM",Kudos,Activity,8415515048
"Jan 21, 2023, 1:24:04 PM",Kudos,Activity,8424313682
"Jan 21, 2023, 1:24:08 PM",Kudos,Activity,8422363117
"Jan 31, 2023, 12:09:08 PM",Kudos,Activity,8479246779
"Jan 31, 2023, 12:09:14 PM",Kudos,Activity,8477773612
"Jan 31, 2023, 12:09:20 PM",Kudos,Activity,8473189190
"Feb 3, 2023, 11:25:01 AM",Kudos,Activity,8496031359
"Feb 3, 2023, 11:29:25 AM",Kudos,Activity,8490906985
"Feb 4, 2023, 4:56:05 PM",Kudos,Activity,8493650158
"Feb 4, 2023, 10:14:10 PM",Kudos,Activity,8505914607
"Feb 7, 2023, 12:09:41 PM",Kudos,Activity,8518277768
"Feb 8, 2023, 1:17:40 AM",Kudos,Activity,8523407484
"Feb 8, 2023, 12:58:29 PM",Kudos,Activity,8520376157
"Feb 8, 2023, 12:58:47 PM",Kudos,Activity,8517462664
"Feb 13, 2023, 12:30:09 PM",Kudos,Activity,8543397071
"Feb 21, 2023, 12:32:03 AM",Kudos,Activity,8595144603
"Feb 21, 2023, 12:32:10 AM",Kudos,Activity,8594506691
"Feb 21, 2023, 12:07:54 PM",Kudos,Activity,8595948035
"Feb 24, 2023, 3:23:19 PM",Kudos,Activity,8614374218
"Feb 25, 2023, 11:26:42 PM",Kudos,Activity,8620324071
"Feb 25, 2023, 11:28:06 PM",Kudos,Activity,8607012687
"Feb 25, 2023, 11:28:11 PM",Kudos,Activity,8606576900
"Feb 25, 2023, 11:28:31 PM",Kudos,Activity,8601436242
"Mar 1, 2023, 1:06:41 AM",Kudos,Activity,8633563638
"Mar 1, 2023, 1:06:59 AM",Kudos,Activity,8628519211
"Mar 1, 2023, 1:07:09 AM",Kudos,Activity,8628132138
"Mar 1, 2023, 5:02:34 PM",Kudos,Activity,8642314113
"Mar 3, 2023, 3:23:01 AM",Kudos,Activity,8650506458
"Mar 4, 2023, 5:30:02 AM",Kudos,Activity,8655511905
"Mar 5, 2023, 1:59:48 PM",Kudos,Activity,8661646959
"Mar 5, 2023, 2:00:07 PM",Kudos,Activity,8661198911
"Mar 5, 2023, 2:00:08 PM",Kudos,Activity,8661514419
"Mar 5, 2023, 2:00:17 PM",Kudos,Activity,8661080451
"Mar 5, 2023, 2:00:52 PM",Kudos,Activity,8660340984
"Mar 5, 2023, 2:01:19 PM",Kudos,Activity,8659740794
"Mar 5, 2023, 2:02:18 PM",Kudos,Activity,8659553572
"Mar 5, 2023, 7:05:44 PM",Kudos,Activity,8666337539
"Mar 6, 2023, 5:22:00 PM",Kudos,Activity,8667490136
"Mar 9, 2023, 4:21:15 AM",Kudos,Activity,8683959005
"Mar 9, 2023, 12:26:23 PM",Kudos,Activity,8683760581
"Mar 12, 2023, 5:30:48 PM",Kudos,Activity,8703562370
"Mar 12, 2023, 5:31:49 PM",Kudos,Activity,8702635318
"Mar 12, 2023, 5:31:50 PM",Kudos,Activity,8698999775
"Mar 12, 2023, 5:31:56 PM",Kudos,Activity,8698758054
"Mar 13, 2023, 9:42:13 PM",Kudos,Activity,8709550572
"Mar 15, 2023, 3:16:00 AM",Kudos,Activity,8715972286
"Mar 15, 2023, 3:16:53 AM",Kudos,Activity,8716020684
"Mar 18, 2023, 12:23:07 PM",Kudos,Activity,8731718333
"Mar 18, 2023, 12:23:36 PM",Kudos,Activity,8726739745
"Mar 19, 2023, 12:16:54 PM",Kudos,Activity,8737604328
"Mar 19, 2023, 12:17:05 PM",Kudos,Activity,8736881242
"Mar 20, 2023, 1:01:33 AM",Kudos,Activity,8744435158
"Mar 22, 2023, 1:37:54 AM",Kudos,Activity,8755799746
"Mar 22, 2023, 9:56:48 PM",Kudos,Activity,8760769013
"Mar 22, 2023, 9:56:50 PM",Kudos,Activity,8760738997
"Mar 22, 2023, 9:56:59 PM",Kudos,Activity,8759525627
"Mar 25, 2023, 12:16:43 PM",Kudos,Activity,8771462700
"Mar 25, 2023, 12:16:48 PM",Kudos,Activity,8771649756
"Mar 26, 2023, 1:32:17 PM",Kudos,Activity,8777664542
"Mar 26, 2023, 1:32:26 PM",Kudos,Activity,8777443118
"Mar 26, 2023, 1:32:34 PM",Kudos,Activity,8777072974
"Mar 26, 2023, 1:32:44 PM",Kudos,Activity,8777058288
"Mar 26, 2023, 1:32:52 PM",Kudos,Activity,8776896073
"Mar 26, 2023, 1:34:05 PM",Kudos,Activity,8771219806
"Mar 26, 2023, 7:12:22 PM",Kudos,Activity,8782489916
"Mar 27, 2023, 10:50:59 AM",Kudos,Activity,8783273032
"Mar 27, 2023, 10:51:15 AM",Kudos,Activity,8782877685
"Mar 30, 2023, 3:21:45 AM",Kudos,Activity,8800667874
"Mar 30, 2023, 3:21:56 AM",Kudos,Activity,8800581350
"Mar 30, 2023, 3:22:04 AM",Kudos,Activity,8800571804
"Mar 30, 2023, 3:22:13 AM",Kudos,Activity,8800229369
"Mar 30, 2023, 3:22:20 AM",Kudos,Activity,8800821779
"Mar 30, 2023, 3:22:31 AM",Kudos,Activity,8798227932
"Mar 31, 2023, 2:53:44 AM",Kudos,Activity,8805977088
"Mar 31, 2023, 2:53:52 AM",Kudos,Activity,8805853767
"Mar 31, 2023, 2:53:58 AM",Kudos,Activity,8805515808
"Mar 31, 2023, 2:54:03 AM",Kudos,Activity,8805365684
"Apr 1, 2023, 2:34:00 AM",Kudos,Activity,8809913182
"Apr 2, 2023, 12:57:58 PM",Kudos,Activity,8815443028
"Apr 2, 2023, 12:58:00 PM",Kudos,Activity,8815194065
"Apr 2, 2023, 12:58:06 PM",Kudos,Activity,8814018687
"Apr 2, 2023, 12:58:27 PM",Kudos,Activity,8813754210
"Apr 2, 2023, 12:59:02 PM",Kudos,Activity,8810812644
"Apr 10, 2023, 4:52:30 PM",Kudos,Activity,8856108562
"Apr 11, 2023, 11:55:42 PM",Kudos,Activity,8874715893
"Apr 11, 2023, 11:59:26 PM",Kudos,Activity,8874469950
"Apr 11, 2023, 11:59:31 PM",Kudos,Activity,8874609438
"Apr 12, 2023, 6:49:57 PM",Kudos,Activity,8875627502
"Apr 14, 2023, 10:37:37 AM",Kudos,Activity,8886615762
"Apr 17, 2023, 2:58:33 AM",Kudos,Activity,8904146303
"Apr 17, 2023, 2:59:32 AM",Kudos,Activity,8896420059
"Apr 17, 2023, 11:25:41 AM",Kudos,Activity,8903715536
"Apr 17, 2023, 11:26:30 AM",Kudos,Activity,8895678961
"Apr 23, 2023, 7:12:40 PM",Kudos,Activity,8939143441
"Apr 24, 2023, 9:28:38 PM",Kudos,Activity,8945188054
"Apr 24, 2023, 9:28:46 PM",Kudos,Activity,8944339375
"Apr 25, 2023, 11:10:58 AM",Kudos,Activity,8951894339
"Apr 25, 2023, 11:11:06 AM",Kudos,Activity,8951640263
"Apr 25, 2023, 11:11:15 AM",Kudos,Activity,8951192902
"Apr 25, 2023, 11:11:18 AM",Kudos,Activity,8951169330
"Apr 25, 2023, 11:11:23 AM",Kudos,Activity,8950744561
"Apr 25, 2023, 8:45:01 PM",Kudos,Activity,8956216999
"Apr 27, 2023, 11:26:48 AM",Kudos,Activity,8963576417
"Apr 27, 2023, 11:27:36 AM",Kudos,Activity,8963607692
"Apr 28, 2023, 4:25:06 PM",Kudos,Activity,8972180975
"Apr 28, 2023, 4:26:08 PM",Kudos,Activity,8969015683
"Apr 28, 2023, 4:26:11 PM",Kudos,Activity,8968001826
"Apr 29, 2023, 1:55:17 PM",Kudos,Activity,8975528871
"Apr 29, 2023, 1:55:40 PM",Kudos,Activity,8974356590
"Apr 29, 2023, 1:55:59 PM",Kudos,Activity,8974291058
"Apr 29, 2023, 1:55:59 PM",Kudos,Activity,8973279203
"Apr 29, 2023, 4:31:38 PM",Kudos,Activity,8978962961
"Apr 29, 2023, 4:31:38 PM",Kudos,Activity,8978788210
"May 1, 2023, 11:25:46 AM",Kudos,Activity,8986788805
"May 1, 2023, 11:25:48 AM",Kudos,Activity,8985454180
"May 3, 2023, 12:02:25 PM",Kudos,Activity,9000349115
"May 3, 2023, 12:02:35 PM",Kudos,Activity,8999712878
"May 4, 2023, 3:15:40 AM",Kudos,Activity,9006535896
"May 4, 2023, 3:15:50 AM",Kudos,Activity,9006284993
"May 4, 2023, 3:15:55 AM",Kudos,Activity,9006147857
"May 4, 2023, 3:16:00 AM",Kudos,Activity,9006130187
"May 4, 2023, 3:16:06 AM",Kudos,Activity,9005700070
"May 4, 2023, 3:16:51 AM",Kudos,Activity,8990144464
"May 4, 2023, 10:45:54 AM",Kudos,Activity,9006907689
"May 5, 2023, 4:55:05 AM",Kudos,Activity,9009211890
"May 6, 2023, 12:21:41 PM",Kudos,Activity,9015755529
"May 12, 2023, 5:29:17 PM",Kudos,Activity,9057857146
"May 13, 2023, 1:39:54 PM",Kudos,Activity,9060855707
"May 13, 2023, 1:40:01 PM",Kudos,Activity,9060167897
"May 13, 2023, 1:40:16 PM",Kudos,Activity,9060158040
"May 13, 2023, 1:40:33 PM",Kudos,Activity,9059988609
"May 16, 2023, 4:06:16 AM",Kudos,Activity,9072532566
"May 16, 2023, 4:06:38 AM",Kudos,Activity,9072096156
"May 17, 2023, 6:32:00 PM",Kudos,Activity,9089462615
"May 21, 2023, 6:27:30 PM",Kudos,Activity,9114508783
"May 23, 2023, 8:06:24 AM",Kudos,Activity,9122482273
"May 23, 2023, 8:06:35 AM",Kudos,Activity,9122396912
"May 24, 2023, 7:52:03 AM",Kudos,Activity,9129234973
"May 24, 2023, 7:52:09 AM",Kudos,Activity,9129036165
"May 24, 2023, 7:52:17 AM",Kudos,Activity,9128828336
"May 24, 2023, 7:52:21 AM",Kudos,Activity,9128634478
"May 24, 2023, 7:52:26 AM",Kudos,Activity,9128495512
"May 24, 2023, 7:52:28 AM",Kudos,Activity,9125727251
"May 28, 2023, 12:04:58 PM",Kudos,Activity,9153438601
"May 28, 2023, 12:06:09 PM",Kudos,Activity,9148185014
"May 31, 2023, 11:04:54 AM",Kudos,Activity,9172905760
"May 31, 2023, 11:05:02 AM",Kudos,Activity,9172839651
"May 31, 2023, 11:05:24 AM",Kudos,Activity,9172489703
"May 31, 2023, 11:06:37 AM",Kudos,Activity,9166214170
"May 31, 2023, 11:07:21 AM",Kudos,Activity,9165324294
"Jun 5, 2023, 1:51:10 AM",Kudos,Activity,9202961723
"Jun 8, 2023, 3:31:28 AM",Kudos,Activity,9222777528
"Jun 8, 2023, 3:31:33 AM",Kudos,Activity,9217636028
"Jun 8, 2023, 3:31:34 AM",Kudos,Activity,9223328755
"Jun 20, 2023, 10:56:43 AM",Kudos,Activity,9298396896
"Jun 20, 2023, 10:56:57 AM",Kudos,Activity,9297662581
"Jun 20, 2023, 10:57:11 AM",Kudos,Activity,9297569254
"Jun 21, 2023, 12:39:14 PM",Kudos,Activity,9300735258
"Jun 21, 2023, 8:07:59 PM",Kudos,Activity,9308028912
"Jun 23, 2023, 1:28:57 PM",Kudos,Activity,9319353728
"Jun 27, 2023, 10:46:15 AM",Kudos,Activity,9341570852
"Jun 27, 2023, 10:46:19 AM",Kudos,Activity,9337588065
"Jun 30, 2023, 11:23:22 AM",Kudos,Activity,9356753521
"Jun 30, 2023, 11:23:39 AM",Kudos,Activity,9356742803
"Jun 30, 2023, 11:23:45 AM",Kudos,Activity,9356502309
"Jul 1, 2023, 8:42:45 PM",Kudos,Activity,9370202483
"Jul 1, 2023, 8:43:15 PM",Kudos,Activity,9369330818
"Jul 1, 2023, 8:43:30 PM",Kudos,Activity,9369135383
"Jul 2, 2023, 1:16:11 PM",Kudos,Activity,9371302415
"Jul 2, 2023, 1:16:15 PM",Kudos,Activity,9370595986
"Jul 2, 2023, 1:16:28 PM",Kudos,Activity,9370644246
"Jul 2, 2023, 1:16:56 PM",Kudos,Activity,9368804555
"Jul 2, 2023, 1:16:57 PM",Kudos,Activity,9368894822
"Jul 2, 2023, 1:17:26 PM",Kudos,Activity,9367832590
"Jul 2, 2023, 1:17:46 PM",Kudos,Activity,9363042706
"Jul 2, 2023, 6:28:27 PM",Kudos,Activity,9374680748
"Jul 5, 2023, 1:32:32 AM",Kudos,Activity,9388187748
"Jul 5, 2023, 1:32:36 AM",Kudos,Activity,9387941397
"Jul 5, 2023, 1:32:44 AM",Kudos,Activity,9387935239
"Jul 8, 2023, 6:23:45 PM",Kudos,Activity,9412056328
"Jul 8, 2023, 6:23:47 PM",Kudos,Activity,9412073920
"Jul 8, 2023, 6:23:50 PM",Kudos,Activity,9411903418
"Jul 10, 2023, 10:53:29 AM",Kudos,Activity,9414780034
"Jul 10, 2023, 10:53:39 AM",Kudos,Activity,9421226549
"Jul 10, 2023, 10:53:54 AM",Kudos,Activity,9419882125
"Jul 10, 2023, 10:53:57 AM",Kudos,Activity,9419681995
"Jul 10, 2023, 10:54:36 AM",Kudos,Activity,9414375116
"Jul 10, 2023, 10:54:52 AM",Kudos,Activity,9414501006
"Jul 18, 2023, 10:55:49 PM",Kudos,Activity,9477703417
"Jul 20, 2023, 10:56:55 AM",Kudos,Activity,9484939504
"Jul 20, 2023, 10:57:06 AM",Kudos,Activity,9484797289
"Jul 20, 2023, 10:57:09 AM",Kudos,Activity,9484803599
"Jul 20, 2023, 10:57:21 AM",Kudos,Activity,9484542386
"Jul 20, 2023, 10:57:30 AM",Kudos,Activity,9484457920
"Jul 20, 2023, 10:57:35 AM",Kudos,Activity,9481803615
"Jul 23, 2023, 10:16:00 AM",Kudos,Activity,9501022100
"Jul 23, 2023, 2:53:01 PM",Kudos,Activity,9506236827
"Jul 25, 2023, 10:04:02 PM",Kudos,Activity,9520485969
"Jul 25, 2023, 10:04:22 PM",Kudos,Activity,9518385607
"Jul 25, 2023, 10:04:38 PM",Kudos,Activity,9518113790
"Jul 27, 2023, 10:35:34 AM",Kudos,Activity,9528725894
"Jul 27, 2023, 10:35:47 AM",Kudos,Activity,9528945066
"Jul 27, 2023, 10:36:22 AM",Kudos,Activity,9528773737
"Jul 27, 2023, 10:36:26 AM",Kudos,Activity,9528664964
"Jul 27, 2023, 10:37:56 AM",Kudos,Activity,9524913079
"Jul 29, 2023, 7:05:35 PM",Kudos,Activity,9544893462
"Jul 29, 2023, 7:05:57 PM",Kudos,Activity,9544255600
"Jul 29, 2023, 7:07:11 PM",Kudos,Activity,9537113121
"Jul 30, 2023, 2:26:06 PM",Kudos,Activity,9550056512
"Jul 30, 2023, 2:26:25 PM",Kudos,Activity,9546217717
"Jul 30, 2023, 2:27:06 PM",Kudos,Activity,9545833047
"Jul 30, 2023, 2:27:14 PM",Kudos,Activity,9545677386
"Jul 30, 2023, 2:27:17 PM",Kudos,Activity,9545688444
"Jul 30, 2023, 7:30:00 PM",Kudos,Activity,9551329085
"Jul 30, 2023, 7:30:37 PM",Kudos,Activity,9550699445
"Jul 31, 2023, 2:09:19 AM",Kudos,Activity,9550695234
"Jul 31, 2023, 2:09:28 AM",Kudos,Activity,9546446632
"Jul 31, 2023, 10:48:13 AM",Kudos,Activity,9553511743
"Jul 31, 2023, 3:51:10 PM",Kudos,Activity,9555369223
"Aug 2, 2023, 10:12:27 AM",Kudos,Activity,9566007975
"Aug 5, 2023, 6:16:02 PM",Kudos,Activity,9588496497
"Aug 5, 2023, 7:34:12 PM",Kudos,Activity,9589395261
"Aug 5, 2023, 7:36:31 PM",Kudos,Activity,9589296940
"Aug 5, 2023, 7:36:39 PM",Kudos,Activity,9589273173
"Aug 5, 2023, 7:36:48 PM",Kudos,Activity,9588169560
"Aug 5, 2023, 7:37:02 PM",Kudos,Activity,9588141472
"Aug 6, 2023, 7:33:14 PM",Kudos,Activity,9595997859
"Aug 6, 2023, 7:33:26 PM",Kudos,Activity,9595464619
"Aug 9, 2023, 2:22:24 PM",Kudos,Activity,9613053372
"Aug 9, 2023, 3:07:55 PM",Kudos,Activity,9613046692
"Aug 9, 2023, 3:08:10 PM",Kudos,Activity,9613053056
"Aug 9, 2023, 3:08:39 PM",Kudos,Activity,9612669309
"Aug 9, 2023, 3:09:12 PM",Kudos,Activity,9610543010
"Aug 9, 2023, 9:42:11 PM",Kudos,Activity,9615638391
"Aug 10, 2023, 11:14:48 AM",Kudos,Activity,9617014654
"Aug 10, 2023, 11:15:08 AM",Kudos,Activity,9617233956
"Aug 10, 2023, 11:15:23 AM",Kudos,Activity,9617040631
"Aug 10, 2023, 11:15:43 AM",Kudos,Activity,9616969463
"Aug 10, 2023, 11:15:47 AM",Kudos,Activity,9617092636
"Aug 10, 2023, 11:15:54 AM",Kudos,Activity,9616904900
"Aug 10, 2023, 11:15:59 AM",Kudos,Activity,9616554429
"Aug 10, 2023, 11:16:02 AM",Kudos,Activity,9616586846
"Aug 10, 2023, 11:16:09 AM",Kudos,Activity,9616389116
"Aug 10, 2023, 11:16:12 AM",Kudos,Activity,9616215123
"Aug 10, 2023, 11:16:45 AM",Kudos,Activity,9613582463
"Aug 10, 2023, 11:17:08 AM",Kudos,Activity,9613463902
"Aug 10, 2023, 2:29:10 PM",Kudos,Activity,9619927034
"Aug 10, 2023, 2:29:14 PM",Kudos,Activity,9619929485
"Aug 10, 2023, 2:29:34 PM",Kudos,Activity,9619818597
"Aug 10, 2023, 2:29:36 PM",Kudos,Activity,9619922340
"Aug 10, 2023, 4:15:39 PM",Kudos,Activity,9620505417
"Aug 10, 2023, 4:15:41 PM",Kudos,Activity,9620442480
"Aug 10, 2023, 4:15:45 PM",Kudos,Activity,9620306690
"Aug 11, 2023, 4:25:29 PM",Kudos,Activity,9626829597
"Aug 11, 2023, 8:36:47 PM",Kudos,Activity,9626095023
"Aug 11, 2023, 8:36:49 PM",Kudos,Activity,9626089757
"Aug 12, 2023, 1:15:16 PM",Kudos,Activity,9629795334
"Aug 12, 2023, 1:15:22 PM",Kudos,Activity,9628376107
"Aug 12, 2023, 6:02:21 PM",Kudos,Activity,9634479802
"Aug 12, 2023, 6:02:45 PM",Kudos,Activity,9633692722
"Aug 12, 2023, 6:45:51 PM",Kudos,Activity,9632738018
"Aug 12, 2023, 6:46:06 PM",Kudos,Activity,9632589790
"Aug 13, 2023, 4:34:12 AM",Kudos,Activity,9635472112
"Aug 13, 2023, 4:34:32 AM",Kudos,Activity,9635603523
"Aug 13, 2023, 4:34:43 AM",Kudos,Activity,9635161085
"Aug 13, 2023, 4:35:03 AM",Kudos,Activity,9634030208
"Aug 15, 2023, 11:29:32 AM",Kudos,Activity,9651427795
"Aug 15, 2023, 11:29:39 AM",Kudos,Activity,9649151340
"Aug 15, 2023, 11:29:44 AM",Kudos,Activity,9649168509
"Aug 15, 2023, 11:29:57 AM",Kudos,Activity,9649150703
"Aug 15, 2023, 11:31:13 AM",Kudos,Activity,9646277351
"Aug 15, 2023, 11:31:25 AM",Kudos,Activity,9645505593
"Aug 15, 2023, 11:31:31 AM",Kudos,Activity,9644957114
"Aug 16, 2023, 10:54:38 AM",Kudos,Activity,9656533276
"Aug 16, 2023, 10:54:52 AM",Kudos,Post,25275792
"Aug 16, 2023, 12:36:56 PM",Kudos,Activity,9658878907
"Aug 16, 2023, 12:37:04 PM",Kudos,Activity,9658697991
"Aug 16, 2023, 12:37:25 PM",Kudos,Activity,9656344821
"Aug 16, 2023, 12:37:33 PM",Kudos,Activity,9656253596
"Aug 16, 2023, 12:37:36 PM",Kudos,Activity,9656060246
"Aug 16, 2023, 12:37:44 PM",Kudos,Activity,9656670809
"Aug 16, 2023, 2:30:32 PM",Kudos,Activity,9659147622
"Aug 17, 2023, 1:52:18 AM",Kudos,Activity,9662858065
"Aug 17, 2023, 1:53:26 AM",Kudos,Activity,9663240712
"Aug 18, 2023, 1:33:52 PM",Kudos,Activity,9672293319
"Aug 18, 2023, 1:33:58 PM",Kudos,Activity,9672206274
"Aug 18, 2023, 1:34:03 PM",Kudos,Activity,9672148475
"Aug 18, 2023, 1:42:43 PM",Kudos,Activity,9670286645
"Aug 18, 2023, 6:41:10 PM",Kudos,Activity,9673050606
"Aug 18, 2023, 6:41:15 PM",Kudos,Activity,9672665454
"Aug 18, 2023, 6:41:45 PM",Kudos,Activity,9672642347
"Aug 18, 2023, 6:42:00 PM",Kudos,Activity,9672664046
"Aug 19, 2023, 2:46:39 PM",Kudos,Activity,9679068683
"Aug 19, 2023, 2:46:44 PM",Kudos,Activity,9678890390
"Aug 19, 2023, 2:47:00 PM",Kudos,Activity,9678724382
"Aug 19, 2023, 4:44:14 PM",Kudos,Activity,9680002318
"Aug 19, 2023, 4:44:18 PM",Kudos,Activity,9679463757
"Aug 19, 2023, 4:45:39 PM",Kudos,Activity,9679586081
"Aug 19, 2023, 4:46:54 PM",Kudos,Activity,9679251864
"Aug 20, 2023, 2:28:21 AM",Kudos,Activity,9681817010
"Aug 20, 2023, 7:05:52 PM",Kudos,Activity,9687841410
"Aug 23, 2023, 7:02:01 PM",Kudos,Activity,9705830110
"Aug 24, 2023, 11:56:41 AM",Kudos,Activity,9710884711
"Aug 24, 2023, 11:56:47 AM",Kudos,Activity,9709612380
"Aug 24, 2023, 11:56:54 AM",Kudos,Activity,9709214164
"Aug 24, 2023, 11:57:30 AM",Kudos,Activity,9709249325
"Aug 24, 2023, 11:57:38 AM",Kudos,Activity,9709252716
"Aug 24, 2023, 11:58:14 AM",Kudos,Activity,9709153884
"Aug 24, 2023, 11:58:17 AM",Kudos,Activity,9709103763
"Aug 24, 2023, 11:58:34 AM",Kudos,Activity,9709096363
"Aug 24, 2023, 11:58:38 AM",Kudos,Activity,9709067642
"Aug 24, 2023, 11:58:43 AM",Kudos,Activity,9708823949
"Aug 24, 2023, 11:58:51 AM",Kudos,Activity,9708779680
"Aug 24, 2023, 11:59:01 AM",Kudos,Activity,9708653415
"Aug 24, 2023, 11:59:22 AM",Kudos,Activity,9706774990
"Aug 24, 2023, 11:59:35 AM",Kudos,Activity,9706831972
"Aug 24, 2023, 11:59:40 AM",Kudos,Activity,9707036706
"Aug 24, 2023, 11:59:43 AM",Kudos,Activity,9706712821
"Aug 24, 2023, 4:09:41 PM",Kudos,Activity,9712555428
"Aug 24, 2023, 4:09:46 PM",Kudos,Activity,9712229696
"Aug 25, 2023, 1:07:33 PM",Kudos,Activity,9717881226
"Aug 25, 2023, 1:07:58 PM",Kudos,Activity,9717579735
"Aug 25, 2023, 1:08:07 PM",Kudos,Activity,9716630324
"Aug 25, 2023, 1:08:22 PM",Kudos,Activity,9715570415
"Aug 25, 2023, 1:08:24 PM",Kudos,Activity,9715451303
"Aug 25, 2023, 1:08:28 PM",Kudos,Activity,9715346891
"Aug 25, 2023, 1:08:33 PM",Kudos,Activity,9715052966
"Aug 25, 2023, 1:08:37 PM",Kudos,Activity,9715135251
"Aug 25, 2023, 1:08:38 PM",Kudos,Activity,9715135547
"Aug 25, 2023, 1:08:45 PM",Kudos,Activity,9714860434
"Aug 25, 2023, 1:09:01 PM",Kudos,Activity,9714797130
"Aug 25, 2023, 1:09:09 PM",Kudos,Activity,9712905724
"Aug 25, 2023, 1:09:20 PM",Kudos,Activity,9713798395
"Aug 25, 2023, 1:09:44 PM",Kudos,Activity,9712017400
"Aug 27, 2023, 5:44:42 PM",Kudos,Activity,9732255183
"Aug 28, 2023, 11:05:48 AM",Kudos,Activity,9735623275
"Aug 28, 2023, 3:09:32 PM",Kudos,Activity,9737018739
"Aug 29, 2023, 9:12:58 PM",Kudos,Activity,9743266758
"Aug 29, 2023, 9:13:02 PM",Kudos,Activity,9743148851
"Aug 31, 2023, 1:37:59 AM",Kudos,Activity,9748601579
"Aug 31, 2023, 1:38:00 AM",Kudos,Activity,9748778297
"Aug 31, 2023, 1:38:07 AM",Kudos,Activity,9748809931
"Aug 31, 2023, 1:38:14 AM",Kudos,Activity,9746891414
"Aug 31, 2023, 11:03:55 AM",Kudos,Activity,9753207180
"Aug 31, 2023, 11:03:59 AM",Kudos,Activity,9753093228
"Aug 31, 2023, 11:04:03 AM",Kudos,Activity,9753081662
"Aug 31, 2023, 11:04:06 AM",Kudos,Activity,9753038369
"Aug 31, 2023, 11:04:20 AM",Kudos,Activity,9753060270
"Aug 31, 2023, 11:04:29 AM",Kudos,Activity,9753045793
"Aug 31, 2023, 11:05:00 AM",Kudos,Activity,9753031835
"Aug 31, 2023, 11:05:10 AM",Kudos,Activity,9752945986
"Aug 31, 2023, 11:05:21 AM",Kudos,Activity,9752749902
"Aug 31, 2023, 11:05:34 AM",Kudos,Activity,9752468830
"Aug 31, 2023, 11:05:46 AM",Kudos,Activity,9750009164
"Sep 1, 2023, 9:49:09 PM",Kudos,Activity,9764029378
"Sep 2, 2023, 1:09:59 PM",Kudos,Activity,9765214858
"Sep 2, 2023, 1:11:27 PM",Kudos,Activity,9761622919
"Sep 2, 2023, 1:11:31 PM",Kudos,Activity,9761897879
"Sep 2, 2023, 1:11:40 PM",Kudos,Activity,9761617174
"Sep 2, 2023, 1:11:43 PM",Kudos,Activity,9761621719
"Sep 3, 2023, 8:38:03 PM",Kudos,Activity,9770831179
"Sep 3, 2023, 8:38:10 PM",Kudos,Activity,9770528302
"Sep 4, 2023, 1:36:26 AM",Kudos,Activity,9777714179
"Sep 4, 2023, 1:36:37 AM",Kudos,Activity,9777089181
"Sep 4, 2023, 1:36:48 AM",Kudos,Activity,9776790621
"Sep 4, 2023, 1:36:53 AM",Kudos,Activity,9775872184
"Sep 4, 2023, 1:36:58 AM",Kudos,Activity,9775702037
"Sep 4, 2023, 1:37:07 AM",Kudos,Activity,9775630810
"Sep 4, 2023, 5:42:00 AM",Kudos,Activity,9778830077
"Sep 7, 2023, 11:15:57 AM",Kudos,Activity,9799179457
"Sep 7, 2023, 11:16:11 AM",Kudos,Activity,9798960502
"Sep 7, 2023, 11:16:15 AM",Kudos,Activity,9798964691
"Sep 7, 2023, 11:16:17 AM",Kudos,Activity,9798965820
"Sep 7, 2023, 11:16:25 AM",Kudos,Activity,9798956567
"Sep 7, 2023, 11:16:49 AM",Kudos,Activity,9798942799
"Sep 7, 2023, 11:16:51 AM",Kudos,Activity,9798935979
"Sep 7, 2023, 11:16:59 AM",Kudos,Activity,9798645757
"Sep 8, 2023, 1:52:41 PM",Kudos,Activity,9808053774
"Sep 8, 2023, 1:52:46 PM",Kudos,Activity,9808101091
"Sep 8, 2023, 1:52:50 PM",Kudos,Activity,9807982619
"Sep 8, 2023, 1:52:56 PM",Kudos,Activity,9807955969
"Sep 8, 2023, 1:53:05 PM",Kudos,Activity,9807582505
"Sep 8, 2023, 1:53:11 PM",Kudos,Activity,9805735906
"Sep 9, 2023, 2:29:57 PM",Kudos,Activity,9814749758
"Sep 9, 2023, 2:30:00 PM",Kudos,Activity,9814651121
"Sep 13, 2023, 6:48:21 PM",Kudos,Activity,9842073182
"Sep 13, 2023, 8:33:16 PM",Kudos,Activity,9843316107
"Sep 13, 2023, 8:33:21 PM",Kudos,Activity,9841737189
"Sep 13, 2023, 8:33:25 PM",Kudos,Activity,9841599400
"Sep 13, 2023, 8:33:44 PM",Kudos,Activity,9840986765
"Sep 13, 2023, 8:34:36 PM",Kudos,Activity,9840907688
"Sep 14, 2023, 10:49:22 AM",Kudos,Activity,9845024393
"Sep 14, 2023, 10:49:25 AM",Kudos,Activity,9845013756
"Sep 14, 2023, 10:49:42 AM",Kudos,Activity,9845032596
"Sep 14, 2023, 10:50:18 AM",Kudos,Activity,9844957644
"Sep 14, 2023, 10:50:27 AM",Kudos,Activity,9844939170
"Sep 14, 2023, 10:50:32 AM",Kudos,Activity,9844945669
"Sep 14, 2023, 10:50:36 AM",Kudos,Activity,9844979261
"Sep 14, 2023, 10:50:50 AM",Kudos,Activity,9844908135
"Sep 14, 2023, 10:50:55 AM",Kudos,Activity,9844896742
"Sep 14, 2023, 10:51:02 AM",Kudos,Activity,9844897484
"Sep 14, 2023, 10:51:12 AM",Kudos,Activity,9844470485
"Sep 14, 2023, 10:51:16 AM",Kudos,Activity,9843964397
"Sep 16, 2023, 12:58:32 AM",Kudos,Activity,9853899682
"Sep 16, 2023, 12:58:59 AM",Kudos,Activity,9853698415
"Sep 16, 2023, 12:59:01 AM",Kudos,Activity,9853668040
"Sep 16, 2023, 12:59:05 AM",Kudos,Activity,9853889635
"Sep 16, 2023, 12:59:13 AM",Kudos,Activity,9851569231
"Sep 16, 2023, 12:59:34 AM",Kudos,Activity,9851183737
"Sep 16, 2023, 12:59:39 AM",Kudos,Activity,9851150391
"Sep 16, 2023, 12:59:50 AM",Kudos,Activity,9850909045
"Sep 16, 2023, 9:57:47 PM",Kudos,Activity,9861091662
"Sep 16, 2023, 9:57:50 PM",Kudos,Activity,9860694634
"Sep 16, 2023, 9:58:01 PM",Kudos,Activity,9861034672
"Sep 16, 2023, 9:58:33 PM",Kudos,Activity,9861039676
"Sep 16, 2023, 9:58:35 PM",Kudos,Activity,9860567449
"Sep 16, 2023, 9:58:35 PM",Kudos,Activity,9860383939
"Sep 16, 2023, 9:58:44 PM",Kudos,Activity,9860787105
"Sep 20, 2023, 6:58:00 PM",Kudos,Activity,9885834261
"Sep 20, 2023, 7:52:19 PM",Kudos,Activity,9886584899
"Sep 20, 2023, 7:52:33 PM",Kudos,Activity,9886375550
"Sep 20, 2023, 7:53:12 PM",Kudos,Activity,9885990482
"Sep 20, 2023, 7:53:23 PM",Kudos,Activity,9885988357
"Sep 21, 2023, 9:19:32 PM",Kudos,Activity,9890885984
"Sep 21, 2023, 9:19:40 PM",Kudos,Activity,9889997446
"Sep 21, 2023, 9:19:45 PM",Kudos,Activity,9890027093
"Sep 21, 2023, 9:19:47 PM",Kudos,Activity,9890051048
"Sep 23, 2023, 11:07:43 AM",Kudos,Activity,9902979596
"Sep 23, 2023, 11:07:49 AM",Kudos,Activity,9901616462
"Sep 23, 2023, 11:08:04 AM",Kudos,Activity,9901599073
"Sep 23, 2023, 11:08:13 AM",Kudos,Activity,9901388802
"Sep 23, 2023, 11:08:24 AM",Kudos,Activity,9901145971
"Sep 23, 2023, 11:08:26 AM",Kudos,Activity,9901121072
"Sep 23, 2023, 11:08:37 AM",Kudos,Activity,9900408048
"Sep 23, 2023, 10:50:38 PM",Kudos,Activity,9905653838
"Sep 23, 2023, 10:50:42 PM",Kudos,Activity,9907098044
"Sep 23, 2023, 11:36:12 PM",Kudos,Activity,9906699084
"Sep 23, 2023, 11:36:54 PM",Kudos,Activity,9907189972
"Sep 25, 2023, 1:51:49 AM",Kudos,Post,25750359
"Sep 25, 2023, 6:34:06 PM",Kudos,Activity,9916821416
"Sep 25, 2023, 6:34:11 PM",Kudos,Activity,9916231512
"Sep 25, 2023, 6:34:32 PM",Kudos,Activity,9914318762
"Sep 25, 2023, 6:34:45 PM",Kudos,Activity,9914516911
"Sep 25, 2023, 6:35:55 PM",Kudos,Activity,9913717191
"Sep 25, 2023, 6:37:25 PM",Kudos,Activity,9912469119
"Sep 25, 2023, 6:37:37 PM",Kudos,Activity,9912074601
"Sep 25, 2023, 6:37:42 PM",Kudos,Activity,9911770265
"Sep 27, 2023, 12:56:06 PM",Kudos,Activity,9930185114
"Sep 28, 2023, 11:59:19 AM",Kudos,Activity,9930431762
"Sep 28, 2023, 11:59:33 AM",Kudos,Activity,9934255389
"Sep 28, 2023, 11:59:37 AM",Kudos,Activity,9934244864
"Sep 28, 2023, 11:59:46 AM",Kudos,Activity,9934297892
"Sep 28, 2023, 12:00:00 PM",Kudos,Activity,9934185148
"Sep 30, 2023, 6:27:53 PM",Kudos,Activity,9950918494
"Sep 30, 2023, 6:28:28 PM",Kudos,Activity,9949542501
"Sep 30, 2023, 6:31:15 PM",Kudos,Activity,9950333684
"Sep 30, 2023, 6:31:18 PM",Kudos,Activity,9950113983
"Sep 30, 2023, 6:31:24 PM",Kudos,Activity,9949838851
"Oct 1, 2023, 8:45:35 PM",Kudos,Activity,9955828196
"Oct 1, 2023, 8:46:08 PM",Kudos,Activity,9957802140
"Oct 1, 2023, 8:46:23 PM",Kudos,Activity,9957095496
"Oct 3, 2023, 11:13:34 AM",Kudos,Activity,9965380437
"Oct 3, 2023, 11:13:39 AM",Kudos,Activity,9965327821
"Oct 3, 2023, 11:13:52 AM",Kudos,Activity,9965072411
"Oct 3, 2023, 11:14:07 AM",Kudos,Activity,9965389514
"Oct 3, 2023, 11:14:18 AM",Kudos,Activity,9962159233
"Oct 3, 2023, 11:14:35 AM",Kudos,Activity,9961780038
"Oct 3, 2023, 11:14:42 AM",Kudos,Activity,9959077306
"Oct 3, 2023, 11:14:45 AM",Kudos,Activity,9959072874
"Oct 3, 2023, 10:59:43 PM",Kudos,Activity,9968977919
"Oct 3, 2023, 11:00:30 PM",Kudos,Activity,9968838274
"Oct 3, 2023, 11:00:32 PM",Kudos,Activity,9968263638
"Oct 3, 2023, 11:00:36 PM",Kudos,Activity,9968290350
"Oct 5, 2023, 2:34:57 AM",Kudos,Activity,9978865346
"Oct 5, 2023, 2:35:05 AM",Kudos,Activity,9978787412
"Oct 5, 2023, 2:35:06 AM",Kudos,Activity,9978696725
"Oct 5, 2023, 2:35:12 AM",Kudos,Activity,9978697101
"Oct 5, 2023, 2:35:16 AM",Kudos,Activity,9978510427
"Oct 5, 2023, 2:35:18 AM",Kudos,Activity,9978604775
"Oct 5, 2023, 2:35:21 AM",Kudos,Activity,9978320375
"Oct 5, 2023, 2:35:23 AM",Kudos,Activity,9978309700
"Oct 5, 2023, 2:35:26 AM",Kudos,Activity,9977224346
"Oct 5, 2023, 2:35:58 AM",Kudos,Activity,9975432951
"Oct 5, 2023, 2:36:00 AM",Kudos,Activity,9974954211
"Oct 5, 2023, 2:36:09 AM",Kudos,Activity,9974964205
"Oct 5, 2023, 2:36:14 AM",Kudos,Activity,9974909031
"Oct 5, 2023, 2:36:16 AM",Kudos,Activity,9975005096
"Oct 7, 2023, 3:53:38 PM",Kudos,Activity,9993963176
"Oct 7, 2023, 3:53:43 PM",Kudos,Activity,9994169866
"Oct 7, 2023, 10:39:55 PM",Kudos,Activity,9996355279
"Oct 7, 2023, 10:40:09 PM",Kudos,Activity,9996310863
"Oct 7, 2023, 10:40:14 PM",Kudos,Activity,9996246751
"Oct 11, 2023, 9:31:22 PM",Kudos,Activity,10020169834
"Oct 12, 2023, 11:22:53 AM",Kudos,Activity,10022714076
"Oct 12, 2023, 11:23:13 AM",Kudos,Activity,10022792249
"Oct 12, 2023, 11:23:25 AM",Kudos,Activity,10022776784
"Oct 12, 2023, 11:24:27 AM",Kudos,Activity,10022365994
"Oct 12, 2023, 11:24:45 AM",Kudos,Activity,10022323746
"Oct 12, 2023, 11:24:55 AM",Kudos,Activity,10022305540
"Oct 12, 2023, 11:24:59 AM",Kudos,Activity,10022269575
"Oct 12, 2023, 11:25:02 AM",Kudos,Activity,10022239228
"Oct 12, 2023, 11:25:09 AM",Kudos,Activity,10022070397
"Oct 12, 2023, 11:25:29 AM",Kudos,Activity,10021783956
"Oct 12, 2023, 11:25:42 AM",Kudos,Activity,10019550257
"Oct 12, 2023, 11:25:47 AM",Kudos,Activity,10018839038
"Oct 12, 2023, 11:25:52 AM",Kudos,Activity,10018789362
"Oct 12, 2023, 11:25:58 AM",Kudos,Activity,10018837078
"Oct 12, 2023, 11:26:11 AM",Kudos,Activity,10018795140
"Oct 13, 2023, 9:59:37 AM",Kudos,Activity,10028526511
"Oct 13, 2023, 9:59:50 AM",Kudos,Activity,10028499722
"Oct 14, 2023, 6:25:33 PM",Kudos,Activity,10037533861
"Oct 16, 2023, 5:28:21 PM",Kudos,Activity,10048642652
"Oct 16, 2023, 5:28:24 PM",Kudos,Activity,10048833117
"Oct 16, 2023, 5:28:26 PM",Kudos,Activity,10048970127
"Oct 16, 2023, 5:28:38 PM",Kudos,Activity,10046488835
"Oct 20, 2023, 10:09:12 AM",Kudos,Activity,10070184229
"Oct 20, 2023, 10:09:17 AM",Kudos,Activity,10070411203
"Oct 20, 2023, 10:09:20 AM",Kudos,Activity,10070033225
"Oct 20, 2023, 10:09:39 AM",Kudos,Activity,10069932711
"Oct 20, 2023, 10:09:51 AM",Kudos,Activity,10069848124
"Oct 20, 2023, 8:02:58 PM",Kudos,Activity,10073000438
"Oct 20, 2023, 8:03:00 PM",Kudos,Activity,10073556143
"Oct 20, 2023, 8:03:02 PM",Kudos,Activity,10073945491
"Oct 20, 2023, 8:03:07 PM",Kudos,Activity,10072828087
"Oct 20, 2023, 8:03:13 PM",Kudos,Activity,10072565830
"Oct 20, 2023, 8:03:15 PM",Kudos,Activity,10072509526
"Oct 20, 2023, 8:03:38 PM",Kudos,Activity,10072437571
"Oct 22, 2023, 12:16:35 PM",Kudos,Activity,10081063173
"Oct 28, 2023, 5:45:17 PM",Kudos,Activity,10119853309
"Oct 28, 2023, 5:46:09 PM",Kudos,Activity,10119807908
"Oct 28, 2023, 5:47:24 PM",Kudos,Activity,10119112537
"Oct 28, 2023, 5:47:25 PM",Kudos,Activity,10119075123
"Oct 28, 2023, 5:47:41 PM",Kudos,Activity,10115714350
"Oct 28, 2023, 7:18:32 PM",Kudos,Activity,10120845677
"Oct 28, 2023, 7:18:36 PM",Kudos,Activity,10120584315
"Oct 28, 2023, 9:33:42 PM",Kudos,Activity,10121264526
"Oct 28, 2023, 9:34:05 PM",Kudos,Activity,10120272913
"Oct 28, 2023, 9:34:08 PM",Kudos,Activity,10120136915
"Oct 28, 2023, 9:34:52 PM",Kudos,Activity,10115863329
"Oct 28, 2023, 9:35:31 PM",Kudos,Activity,10118988893
"Oct 30, 2023, 12:09:21 PM",Kudos,Activity,10129781483
"Oct 30, 2023, 12:09:23 PM",Kudos,Activity,10128320202
"Oct 30, 2023, 12:09:26 PM",Kudos,Activity,10127829364
"Oct 30, 2023, 12:09:39 PM",Kudos,Activity,10127795999
"Oct 30, 2023, 12:09:44 PM",Kudos,Activity,10127760676
"Oct 30, 2023, 12:09:48 PM",Kudos,Activity,10127501512
"Oct 30, 2023, 12:09:55 PM",Kudos,Activity,10126890497
"Oct 30, 2023, 12:10:06 PM",Kudos,Activity,10127252906
"Oct 30, 2023, 12:10:18 PM",Kudos,Activity,10126412155
"Oct 30, 2023, 12:10:20 PM",Kudos,Activity,10126226859
"Oct 30, 2023, 12:10:32 PM",Kudos,Activity,10125962055
"Oct 30, 2023, 12:10:37 PM",Kudos,Activity,10125726624
"Oct 30, 2023, 12:10:41 PM",Kudos,Activity,10125669596
"Oct 30, 2023, 12:10:48 PM",Kudos,Activity,10125394805
"Oct 31, 2023, 11:56:19 AM",Kudos,Activity,10133976739
"Oct 31, 2023, 11:56:24 AM",Kudos,Activity,10134007675
"Oct 31, 2023, 11:57:04 AM",Kudos,Activity,10133700456
"Oct 31, 2023, 11:57:06 AM",Kudos,Activity,10133739306
"Oct 31, 2023, 11:57:13 AM",Kudos,Activity,10133690076
"Oct 31, 2023, 11:57:18 AM",Kudos,Activity,10133693241
"Oct 31, 2023, 11:57:33 AM",Kudos,Activity,10133513509
"Oct 31, 2023, 11:57:36 AM",Kudos,Activity,10133387854
"Oct 31, 2023, 11:57:45 AM",Kudos,Activity,10133349740
"Oct 31, 2023, 11:57:48 AM",Kudos,Activity,10131283164
"Oct 31, 2023, 11:57:53 AM",Kudos,Activity,10130672123
"Oct 31, 2023, 11:57:55 AM",Kudos,Activity,10130165796
"Nov 2, 2023, 3:06:50 AM",Kudos,Activity,10145291510
"Nov 2, 2023, 3:08:42 AM",Kudos,Activity,10145503791
"Nov 5, 2023, 8:34:38 PM",Kudos,Activity,10166875659
"Nov 7, 2023, 7:27:35 PM",Kudos,Activity,10178345021
"Nov 7, 2023, 7:29:04 PM",Kudos,Activity,10177375991
"Nov 7, 2023, 7:29:20 PM",Kudos,Activity,10176197579
"Nov 7, 2023, 7:29:28 PM",Kudos,Activity,10176646668
"Nov 7, 2023, 7:29:39 PM",Kudos,Activity,10176243436
"Nov 7, 2023, 7:29:47 PM",Kudos,Activity,10176622465
"Nov 7, 2023, 7:29:56 PM",Kudos,Activity,10176556616
"Nov 8, 2023, 10:42:26 PM",Kudos,Activity,10185078243
"Nov 8, 2023, 10:42:32 PM",Kudos,Activity,10184008432
"Nov 8, 2023, 10:42:41 PM",Kudos,Activity,10183610659
"Nov 8, 2023, 10:43:01 PM",Kudos,Activity,10183149070
"Nov 8, 2023, 10:43:04 PM",Kudos,Activity,10183129639
"Nov 12, 2023, 11:56:35 AM",Kudos,Activity,10202300965
"Nov 12, 2023, 11:57:18 AM",Kudos,Activity,10201241949
"Nov 12, 2023, 11:57:29 AM",Kudos,Activity,10200972615
"Nov 12, 2023, 11:57:39 AM",Kudos,Activity,10201576848
"Nov 15, 2023, 9:51:19 PM",Kudos,Activity,10225500114
"Nov 19, 2023, 8:54:06 PM",Kudos,Activity,10246811701
"Nov 19, 2023, 8:54:07 PM",Kudos,Activity,10246794717
"Nov 19, 2023, 8:54:12 PM",Kudos,Activity,10246638196
"Nov 19, 2023, 8:54:14 PM",Kudos,Activity,10246596152
"Nov 19, 2023, 8:54:20 PM",Kudos,Activity,10246886750
"Nov 25, 2023, 12:14:26 AM",Kudos,Activity,10276100476
"Nov 25, 2023, 12:14:51 AM",Kudos,Activity,10275969055
"Nov 25, 2023, 12:14:53 AM",Kudos,Activity,10275934333
"Nov 25, 2023, 12:15:03 AM",Kudos,Activity,10276118460
"Nov 25, 2023, 12:15:07 AM",Kudos,Activity,10275831989
"Nov 25, 2023, 12:15:39 AM",Kudos,Activity,10275467601
"Nov 26, 2023, 6:31:10 PM",Kudos,Activity,10286411001
"Nov 26, 2023, 6:31:11 PM",Kudos,Activity,10286381909
"Nov 26, 2023, 6:31:44 PM",Kudos,Activity,10285975698
"Nov 26, 2023, 6:32:21 PM",Kudos,Activity,10281281743
"Nov 26, 2023, 6:32:29 PM",Kudos,Activity,10281003873
"Nov 26, 2023, 6:32:33 PM",Kudos,Activity,10280622364
"Nov 26, 2023, 6:32:36 PM",Kudos,Activity,10286359399
"Nov 26, 2023, 6:32:57 PM",Kudos,Activity,10280769586
"Nov 26, 2023, 6:33:17 PM",Kudos,Activity,10280248234
"Nov 26, 2023, 6:33:30 PM",Kudos,Activity,10279678049
"Nov 26, 2023, 6:33:36 PM",Kudos,Activity,10279689191
"Nov 26, 2023, 6:33:37 PM",Kudos,Activity,10279627614
"Nov 26, 2023, 6:33:43 PM",Kudos,Activity,10279688696
"Nov 26, 2023, 6:33:45 PM",Kudos,Activity,10279720442
"Dec 3, 2023, 4:04:48 PM",Kudos,Activity,10322811021
"Dec 3, 2023, 6:09:59 PM",Kudos,Activity,10323326665
"Dec 3, 2023, 6:10:16 PM",Kudos,Activity,10323005931
"Dec 3, 2023, 6:10:53 PM",Kudos,Activity,10322527682
"Dec 3, 2023, 6:11:33 PM",Kudos,Activity,10322850883
"Dec 3, 2023, 6:12:47 PM",Kudos,Activity,10322515118
"Dec 3, 2023, 6:13:01 PM",Kudos,Activity,10322325710
"Dec 3, 2023, 6:13:16 PM",Kudos,Activity,10322233755
"Dec 3, 2023, 9:01:55 PM",Kudos,Activity,10323998477
"Dec 4, 2023, 12:26:12 PM",Kudos,Activity,10324586992
"Dec 4, 2023, 12:26:27 PM",Kudos,Activity,10323770469
"Dec 4, 2023, 12:26:37 PM",Kudos,Activity,10324290316
"Dec 5, 2023, 11:41:20 AM",Kudos,Activity,10329790208
"Dec 5, 2023, 11:41:50 AM",Kudos,Activity,10329435065
"Dec 5, 2023, 11:41:56 AM",Kudos,Activity,10329078781
"Dec 8, 2023, 11:21:52 PM",Kudos,Activity,10348643356
"Dec 8, 2023, 11:21:59 PM",Kudos,Activity,10348392243
"Dec 8, 2023, 11:22:04 PM",Kudos,Activity,10347980989
"Dec 8, 2023, 11:22:12 PM",Kudos,Activity,10348090600
"Dec 8, 2023, 11:22:16 PM",Kudos,Activity,10348165259
"Dec 8, 2023, 11:22:18 PM",Kudos,Activity,10348194812
"Dec 8, 2023, 11:22:22 PM",Kudos,Activity,10347932697
"Dec 8, 2023, 11:22:24 PM",Kudos,Activity,10347856212
"Dec 8, 2023, 11:22:37 PM",Kudos,Activity,10347841918
"Dec 8, 2023, 11:22:41 PM",Kudos,Activity,10347847740
"Dec 8, 2023, 11:22:48 PM",Kudos,Activity,10348706089
"Dec 8, 2023, 11:22:51 PM",Kudos,Activity,10348706119
"Dec 8, 2023, 11:22:57 PM",Kudos,Activity,10345740160
"Dec 9, 2023, 1:42:24 PM",Kudos,Activity,10350555444
"Dec 12, 2023, 8:38:30 PM",Kudos,Activity,10369873132
"Dec 13, 2023, 1:16:42 PM",Kudos,Activity,10368717723
"Dec 13, 2023, 1:17:25 PM",Kudos,Activity,10368685610
"Dec 13, 2023, 1:17:55 PM",Kudos,Activity,10370986002
"Dec 13, 2023, 1:18:16 PM",Kudos,Activity,10369441494
"Dec 13, 2023, 1:18:18 PM",Kudos,Activity,10369177101
"Dec 13, 2023, 1:18:23 PM",Kudos,Activity,10369097731
"Dec 13, 2023, 1:18:29 PM",Kudos,Activity,10368833450
"Dec 13, 2023, 1:18:33 PM",Kudos,Activity,10370590867
"Dec 13, 2023, 1:18:36 PM",Kudos,Activity,10368665714
"Dec 13, 2023, 1:19:01 PM",Kudos,Activity,10368658050
"Dec 14, 2023, 12:45:57 PM",Kudos,Activity,10378665201
"Dec 15, 2023, 6:48:13 PM",Kudos,Activity,10384045905
"Dec 15, 2023, 6:48:18 PM",Kudos,Activity,10384010546
"Dec 15, 2023, 6:48:19 PM",Kudos,Activity,10383976771
"Dec 15, 2023, 6:48:25 PM",Kudos,Activity,10383747179
"Dec 15, 2023, 6:48:32 PM",Kudos,Activity,10382134629
"Dec 16, 2023, 12:16:52 PM",Kudos,Activity,10386670172
"Dec 16, 2023, 12:17:35 PM",Kudos,Activity,10386402224
"Dec 16, 2023, 12:17:41 PM",Kudos,Activity,10386332282
"Dec 16, 2023, 12:17:46 PM",Kudos,Activity,10385975349
"Dec 16, 2023, 12:17:55 PM",Kudos,Activity,10385455132
"Dec 16, 2023, 12:17:55 PM",Kudos,Activity,10385089941
"Dec 16, 2023, 12:18:04 PM",Kudos,Activity,10384454519
"Dec 16, 2023, 12:18:20 PM",Kudos,Activity,10384294514
"Dec 18, 2023, 9:27:54 PM",Kudos,Activity,10401419068
"Dec 18, 2023, 9:28:04 PM",Kudos,Activity,10400951988
"Dec 18, 2023, 9:28:13 PM",Kudos,Activity,10401022093
"Dec 18, 2023, 9:28:23 PM",Kudos,Activity,10400898855
"Dec 18, 2023, 9:28:33 PM",Kudos,Activity,10400337509
"Dec 20, 2023, 10:53:55 PM",Kudos,Activity,10412177923
"Dec 20, 2023, 10:53:57 PM",Kudos,Activity,10411822371
"Dec 20, 2023, 10:54:01 PM",Kudos,Activity,10411891237
"Dec 20, 2023, 10:54:18 PM",Kudos,Activity,10411636248
"Dec 20, 2023, 10:54:33 PM",Kudos,Activity,10411728735
"Dec 20, 2023, 10:54:37 PM",Kudos,Activity,10410887595
"Dec 21, 2023, 7:48:06 PM",Kudos,Activity,10416137572
"Dec 21, 2023, 7:48:32 PM",Kudos,Activity,10415732317
"Dec 21, 2023, 7:48:37 PM",Kudos,Activity,10415781661
"Dec 27, 2023, 5:37:30 AM",Kudos,Activity,10442460413
"Dec 27, 2023, 5:37:37 AM",Kudos,Activity,10442235866
"Dec 27, 2023, 5:37:48 AM",Kudos,Activity,10442184671
"Dec 27, 2023, 5:37:54 AM",Kudos,Activity,10442022085
"Dec 27, 2023, 5:37:55 AM",Kudos,Activity,10442188008
"Dec 27, 2023, 5:38:00 AM",Kudos,Activity,10441684976
"Dec 27, 2023, 5:38:20 AM",Kudos,Activity,10441469214
"Dec 27, 2023, 5:38:22 AM",Kudos,Activity,10441408421
"Dec 27, 2023, 5:38:29 AM",Kudos,Activity,10441328638
"Dec 27, 2023, 5:38:32 AM",Kudos,Activity,10441373945
"Dec 27, 2023, 5:38:55 AM",Kudos,Activity,10440560642
"Dec 27, 2023, 5:39:03 AM",Kudos,Activity,10440504105
"Dec 27, 2023, 5:39:06 AM",Kudos,Activity,10440191971
"Dec 27, 2023, 5:39:12 AM",Kudos,Activity,10439447126
"Dec 27, 2023, 5:39:15 AM",Kudos,Activity,10439438048
"Dec 27, 2023, 5:41:21 AM",Kudos,Activity,10436434729
"Dec 27, 2023, 5:41:42 AM",Kudos,Activity,10435405554
"Dec 27, 2023, 5:42:02 AM",Kudos,Activity,10435838517
"Dec 27, 2023, 1:17:33 PM",Kudos,Activity,10442345857
"Dec 28, 2023, 6:04:43 PM",Kudos,Activity,10451837788
"Dec 28, 2023, 6:04:48 PM",Kudos,Activity,10451734611
"Dec 28, 2023, 6:04:53 PM",Kudos,Activity,10450986046
"Dec 28, 2023, 6:04:59 PM",Kudos,Activity,10448026544
"Dec 28, 2023, 6:05:19 PM",Kudos,Activity,10447743879
"Dec 28, 2023, 6:05:23 PM",Kudos,Activity,10447607729
"Dec 28, 2023, 6:05:27 PM",Kudos,Activity,10447558892
"Jan 2, 2024, 1:00:30 AM",Kudos,Activity,10476638898
"Jan 2, 2024, 1:00:35 AM",Kudos,Activity,10476527632
"Jan 2, 2024, 1:00:39 AM",Kudos,Activity,10476451630
"Jan 2, 2024, 1:00:45 AM",Kudos,Activity,10476364535
"Jan 2, 2024, 1:00:53 AM",Kudos,Activity,10476390722
"Jan 2, 2024, 1:01:00 AM",Kudos,Activity,10476297628
"Jan 2, 2024, 1:01:05 AM",Kudos,Activity,10476284666
"Jan 2, 2024, 1:01:08 AM",Kudos,Activity,10476288723
"Jan 2, 2024, 1:01:14 AM",Kudos,Activity,10476345347
"Jan 2, 2024, 1:01:15 AM",Kudos,Activity,10476213725
"Jan 2, 2024, 1:01:29 AM",Kudos,Activity,10475946141
"Jan 2, 2024, 1:01:31 AM",Kudos,Activity,10475542568
"Jan 2, 2024, 1:02:13 AM",Kudos,Activity,10474723561
"Jan 2, 2024, 1:02:19 AM",Kudos,Activity,10474778027
"Jan 3, 2024, 12:59:12 PM",Kudos,Activity,10485353448
"Jan 3, 2024, 12:59:26 PM",Kudos,Activity,10485285024
"Jan 3, 2024, 12:59:34 PM",Kudos,Activity,10485372899
"Jan 3, 2024, 12:59:37 PM",Kudos,Activity,10483241072
"Jan 3, 2024, 12:59:44 PM",Kudos,Activity,10482761436
"Jan 3, 2024, 12:59:57 PM",Kudos,Activity,10482771949
"Jan 3, 2024, 1:00:20 PM",Kudos,Activity,10482584283
"Jan 3, 2024, 1:00:31 PM",Kudos,Activity,10482347315
"Jan 3, 2024, 1:00:53 PM",Kudos,Activity,10479590003
"Jan 3, 2024, 3:49:26 PM",Kudos,Activity,10486142123
"Jan 3, 2024, 10:45:15 PM",Kudos,Activity,10487700876
"Jan 3, 2024, 10:45:20 PM",Kudos,Activity,10487586099
"Jan 3, 2024, 10:45:26 PM",Kudos,Activity,10486502351
"Jan 3, 2024, 10:45:44 PM",Kudos,Activity,10485701360
"Jan 3, 2024, 10:45:52 PM",Kudos,Activity,10485631165
"Jan 3, 2024, 10:46:03 PM",Kudos,Activity,10485863451
"Jan 3, 2024, 10:46:09 PM",Kudos,Activity,10485678609
"Jan 3, 2024, 10:46:12 PM",Kudos,Activity,10485699097
"Jan 3, 2024, 10:46:14 PM",Kudos,Activity,10485652697
"Jan 5, 2024, 10:09:11 PM",Kudos,Activity,10501078321
"Jan 5, 2024, 10:09:13 PM",Kudos,Activity,10500629219
"Jan 5, 2024, 10:09:24 PM",Kudos,Activity,10500246665
"Jan 7, 2024, 2:30:42 PM",Kudos,Activity,10508666235
"Jan 7, 2024, 2:30:49 PM",Kudos,Activity,10508471294
"Jan 7, 2024, 2:31:13 PM",Kudos,Activity,10508000281
"Jan 7, 2024, 2:31:17 PM",Kudos,Activity,10507921071
"Jan 7, 2024, 2:31:31 PM",Kudos,Activity,10507892532
"Jan 7, 2024, 2:31:33 PM",Kudos,Activity,10507821336
"Jan 7, 2024, 2:31:42 PM",Kudos,Activity,10507428358
"Jan 9, 2024, 5:06:54 PM",Kudos,Activity,10524609095
"Jan 10, 2024, 4:08:01 PM",Kudos,Activity,10531239290
"Jan 13, 2024, 2:38:20 PM",Kudos,Activity,10550322580
"Jan 14, 2024, 1:32:32 AM",Kudos,Activity,10553698034
"Jan 14, 2024, 1:32:38 AM",Kudos,Activity,10553380438
"Jan 14, 2024, 1:32:47 AM",Kudos,Activity,10553249594
"Jan 14, 2024, 1:32:55 AM",Kudos,Activity,10553154804
"Jan 14, 2024, 1:33:07 AM",Kudos,Activity,10552515947
"Jan 14, 2024, 1:33:12 AM",Kudos,Activity,10552400086
"Jan 15, 2024, 12:38:29 PM",Kudos,Activity,10560158797
"Jan 15, 2024, 12:38:32 PM",Kudos,Activity,10560209774
"Jan 15, 2024, 12:39:05 PM",Kudos,Activity,10559989029
"Jan 15, 2024, 12:39:32 PM",Kudos,Activity,10559004054
"Jan 15, 2024, 12:41:41 PM",Kudos,Activity,10559320280
"Jan 15, 2024, 12:43:52 PM",Kudos,Activity,10559118457
"Jan 15, 2024, 12:45:13 PM",Kudos,Activity,10559246954
"Jan 15, 2024, 12:48:56 PM",Kudos,Activity,10559120911
"Jan 15, 2024, 12:53:12 PM",Kudos,Activity,10558487203
"Jan 15, 2024, 12:53:19 PM",Kudos,Activity,10557565331
"Jan 16, 2024, 1:40:21 AM",Kudos,Activity,10566298873
"Jan 17, 2024, 5:17:14 PM",Kudos,Activity,10576023182
"Jan 18, 2024, 11:51:16 AM",Kudos,Activity,10576023324
"Jan 18, 2024, 11:52:11 AM",Kudos,Activity,10579693514
"Jan 18, 2024, 11:52:15 AM",Kudos,Activity,10579523096
"Jan 18, 2024, 11:52:41 AM",Kudos,Activity,10579299469
"Jan 18, 2024, 11:53:01 AM",Kudos,Activity,10579233682
"Jan 18, 2024, 11:54:36 AM",Kudos,Activity,10575429290
"Jan 18, 2024, 11:54:55 AM",Kudos,Activity,10573738531
"Jan 18, 2024, 11:56:11 AM",Kudos,Activity,10566943442
"Jan 19, 2024, 6:40:51 PM",Kudos,Activity,10588251599
"Jan 21, 2024, 1:28:35 PM",Kudos,Activity,10598704975
"Jan 21, 2024, 8:21:01 PM",Kudos,Activity,10602966433
"Jan 21, 2024, 8:21:03 PM",Kudos,Activity,10602972336
"Jan 29, 2024, 1:09:58 PM",Kudos,Activity,10651051026
"Jan 29, 2024, 1:10:16 PM",Kudos,Activity,10642560649
"Jan 29, 2024, 1:10:25 PM",Kudos,Activity,10651049792
"Jan 31, 2024, 11:14:38 AM",Kudos,Activity,10665088846
"Jan 31, 2024, 11:15:21 AM",Kudos,Activity,10664777505
"Jan 31, 2024, 6:43:59 PM",Kudos,Activity,10667492680
"Jan 31, 2024, 6:44:07 PM",Kudos,Activity,10667132554
"Jan 31, 2024, 6:44:18 PM",Kudos,Activity,10669221120
"Jan 31, 2024, 6:44:45 PM",Kudos,Activity,10668540338
"Jan 31, 2024, 6:44:57 PM",Kudos,Activity,10668108056
"Feb 4, 2024, 3:46:14 PM",Kudos,Activity,10695178021
"Feb 5, 2024, 11:27:14 AM",Kudos,Activity,10698551028
"Feb 5, 2024, 11:27:26 AM",Kudos,Activity,10698248586
"Feb 5, 2024, 11:27:36 AM",Kudos,Activity,10698306246
"Feb 5, 2024, 11:27:42 AM",Kudos,Activity,10698016474
"Feb 5, 2024, 11:27:45 AM",Kudos,Activity,10697876134
"Feb 5, 2024, 11:27:50 AM",Kudos,Activity,10697839900
"Feb 5, 2024, 11:28:03 AM",Kudos,Activity,10697724508
"Feb 5, 2024, 11:28:10 AM",Kudos,Activity,10697846815
"Feb 5, 2024, 11:28:20 AM",Kudos,Activity,10697353664
"Feb 5, 2024, 11:28:28 AM",Kudos,Activity,10697217069
"Feb 5, 2024, 11:28:32 AM",Kudos,Activity,10697271385
"Feb 5, 2024, 11:28:38 AM",Kudos,Activity,10696978258
"Feb 5, 2024, 11:29:03 AM",Kudos,Activity,10696766639
"Feb 5, 2024, 11:29:06 AM",Kudos,Activity,10697324043
"Feb 5, 2024, 11:29:09 AM",Kudos,Activity,10696518847
"Feb 5, 2024, 11:29:11 AM",Kudos,Activity,10696434436
"Feb 5, 2024, 11:29:30 AM",Kudos,Activity,10696457600
"Feb 5, 2024, 11:30:34 AM",Kudos,Activity,10696190313
"Feb 5, 2024, 11:30:36 AM",Kudos,Activity,10695892789
"Feb 5, 2024, 11:31:02 AM",Kudos,Activity,10695971854
"Feb 5, 2024, 11:31:10 AM",Kudos,Activity,10695956160
"Feb 5, 2024, 11:31:16 AM",Kudos,Activity,10695638901
"Feb 6, 2024, 3:41:45 PM",Kudos,Activity,10708206872
"Feb 6, 2024, 3:41:57 PM",Kudos,Activity,10707802114
"Feb 6, 2024, 3:42:07 PM",Kudos,Activity,10707709700
"Feb 6, 2024, 3:42:09 PM",Kudos,Activity,10707788430
"Feb 6, 2024, 3:42:13 PM",Kudos,Activity,10707489890
"Feb 6, 2024, 3:42:18 PM",Kudos,Activity,10707384891
"Feb 9, 2024, 1:15:12 AM",Kudos,Activity,10724715970
"Feb 9, 2024, 1:15:51 AM",Kudos,Activity,10723922639
"Feb 9, 2024, 4:07:39 PM",Kudos,Activity,10725084193
"Feb 11, 2024, 7:09:39 PM",Kudos,Activity,10736891142
"Feb 11, 2024, 7:09:54 PM",Kudos,Activity,10736808912
"Feb 11, 2024, 7:09:57 PM",Kudos,Activity,10736767604
"Feb 11, 2024, 7:10:04 PM",Kudos,Activity,10736594520
"Feb 11, 2024, 7:10:08 PM",Kudos,Activity,10736574987
"Feb 11, 2024, 8:57:38 PM",Kudos,Activity,10742772176
"Feb 11, 2024, 8:57:57 PM",Kudos,Activity,10742615569
"Feb 11, 2024, 8:58:21 PM",Kudos,Activity,10742194342
"Feb 12, 2024, 4:20:38 AM",Kudos,Activity,10744274047
"Feb 13, 2024, 11:34:16 AM",Kudos,Activity,10750721655
"Feb 15, 2024, 12:39:19 PM",Kudos,Activity,10754054648
"Feb 16, 2024, 6:47:11 PM",Kudos,Activity,10774618232
"Feb 16, 2024, 6:47:22 PM",Kudos,Activity,10773154644
"Feb 16, 2024, 6:47:23 PM",Kudos,Activity,10773401564
"Feb 16, 2024, 6:47:26 PM",Kudos,Activity,10773551518
"Feb 16, 2024, 6:47:29 PM",Kudos,Activity,10773007027
"Feb 17, 2024, 4:10:27 PM",Kudos,Activity,10780860568
"Feb 17, 2024, 4:10:30 PM",Kudos,Activity,10780912838
"Feb 17, 2024, 4:10:38 PM",Kudos,Activity,10780757545
"Feb 17, 2024, 4:10:41 PM",Kudos,Activity,10780789037
"Feb 17, 2024, 4:10:47 PM",Kudos,Activity,10780395300
"Feb 17, 2024, 4:10:50 PM",Kudos,Activity,10780283084
"Feb 17, 2024, 4:10:53 PM",Kudos,Activity,10780289380
"Feb 17, 2024, 4:10:58 PM",Kudos,Activity,10780122778
"Feb 17, 2024, 4:11:09 PM",Kudos,Activity,10776275826
"Feb 17, 2024, 11:13:29 PM",Kudos,Activity,10783133566
"Feb 17, 2024, 11:15:31 PM",Kudos,Activity,10782064348
"Feb 17, 2024, 11:15:35 PM",Kudos,Activity,10781964274
"Feb 19, 2024, 11:17:39 AM",Kudos,Activity,10790950481
"Feb 19, 2024, 11:17:59 AM",Kudos,Activity,10790713704
"Feb 19, 2024, 11:18:01 AM",Kudos,Activity,10790721026
"Feb 19, 2024, 11:18:09 AM",Kudos,Activity,10790698065
"Feb 19, 2024, 11:18:25 AM",Kudos,Activity,10790498729
"Feb 19, 2024, 11:18:32 AM",Kudos,Activity,10790540516
"Feb 19, 2024, 11:18:38 AM",Kudos,Activity,10790339863
"Feb 19, 2024, 11:18:45 AM",Kudos,Activity,10790153100
"Feb 19, 2024, 11:19:07 AM",Kudos,Activity,10789959299
"Feb 19, 2024, 11:19:26 AM",Kudos,Activity,10789768627
"Feb 19, 2024, 11:19:57 AM",Kudos,Activity,10789619757
"Feb 19, 2024, 5:55:39 PM",Kudos,Activity,10793405221
"Feb 19, 2024, 5:56:13 PM",Kudos,Activity,10794149515
"Feb 22, 2024, 12:13:28 PM",Kudos,Activity,10811362838
"Feb 22, 2024, 12:13:45 PM",Kudos,Activity,10811289136
"Feb 22, 2024, 12:13:49 PM",Kudos,Activity,10811267898
"Feb 22, 2024, 12:14:05 PM",Kudos,Activity,10811242727
"Feb 22, 2024, 12:14:20 PM",Kudos,Activity,10811289211
"Feb 24, 2024, 11:27:00 PM",Kudos,Activity,10827473142
"Feb 24, 2024, 11:28:08 PM",Kudos,Activity,10828300471
"Feb 25, 2024, 1:44:48 AM",Kudos,Activity,10827941546
"Feb 25, 2024, 1:45:06 AM",Kudos,Activity,10827811773
"Feb 25, 2024, 1:45:22 AM",Kudos,Activity,10827624966
"Feb 28, 2024, 2:36:56 PM",Kudos,Activity,10854212477
"Feb 28, 2024, 2:36:58 PM",Kudos,Activity,10854610868
"Feb 28, 2024, 2:37:03 PM",Kudos,Activity,10854653712
"Feb 28, 2024, 2:37:05 PM",Kudos,Activity,10854182452
"Feb 28, 2024, 2:37:07 PM",Kudos,Activity,10854600153
"Feb 28, 2024, 2:37:10 PM",Kudos,Activity,10854593564
"Feb 29, 2024, 3:56:23 PM",Kudos,Activity,10861839904
"Feb 29, 2024, 3:56:28 PM",Kudos,Activity,10861838780
"Feb 29, 2024, 3:56:32 PM",Kudos,Activity,10861599423
"Feb 29, 2024, 3:56:36 PM",Kudos,Activity,10861532930
"Feb 29, 2024, 3:56:44 PM",Kudos,Activity,10861475763
"Feb 29, 2024, 3:56:48 PM",Kudos,Activity,10861403963
"Feb 29, 2024, 3:56:52 PM",Kudos,Activity,10861396776
"Mar 2, 2024, 10:36:17 PM",Kudos,Activity,10874467452
"Mar 2, 2024, 10:49:35 PM",Kudos,Activity,10876342335
"Mar 2, 2024, 10:49:47 PM",Kudos,Activity,10874011777
"Mar 2, 2024, 10:50:07 PM",Kudos,Activity,10874791594
"Mar 2, 2024, 10:50:11 PM",Kudos,Activity,10874852792
"Mar 2, 2024, 10:50:18 PM",Kudos,Activity,10874477111
"Mar 3, 2024, 9:31:44 PM",Kudos,Activity,10884484202
"Mar 3, 2024, 9:31:56 PM",Kudos,Activity,10883654041
"Mar 4, 2024, 7:49:18 PM",Kudos,Activity,10890230608
"Mar 4, 2024, 7:49:32 PM",Kudos,Activity,10889480125
"Mar 6, 2024, 2:06:34 PM",Kudos,Activity,10899783110
"Mar 10, 2024, 7:52:52 PM",Kudos,Activity,10932152832
"Mar 10, 2024, 7:53:06 PM",Kudos,Activity,10931576643
"Mar 13, 2024, 12:19:52 PM",Kudos,Activity,10949915376
"Mar 13, 2024, 12:20:02 PM",Kudos,Activity,10948136908
"Mar 13, 2024, 12:20:16 PM",Kudos,Activity,10947409299
"Mar 13, 2024, 12:20:22 PM",Kudos,Activity,10945600772
"Mar 18, 2024, 6:35:59 PM",Kudos,Activity,10986216167
"Mar 18, 2024, 6:36:13 PM",Kudos,Activity,10985849908
"Mar 18, 2024, 6:36:17 PM",Kudos,Activity,10985260954
"Mar 24, 2024, 8:04:03 PM",Kudos,Activity,11030804961
"Mar 27, 2024, 4:05:44 PM",Kudos,Activity,11049294754
"Mar 27, 2024, 4:05:50 PM",Kudos,Activity,11048991337
"Mar 28, 2024, 12:17:17 PM",Kudos,Activity,11054416022
"Mar 28, 2024, 12:17:33 PM",Kudos,Activity,11052544253
"Mar 28, 2024, 12:17:34 PM",Kudos,Activity,11052505399
"Mar 28, 2024, 12:17:37 PM",Kudos,Activity,11052506525
"Mar 28, 2024, 12:17:45 PM",Kudos,Activity,11052476710
"Mar 28, 2024, 12:18:10 PM",Kudos,Activity,11052476780
"Mar 30, 2024, 12:26:55 PM",Kudos,Activity,11058851207
"Mar 30, 2024, 12:27:32 PM",Kudos,Activity,11058056283
"Mar 31, 2024, 11:00:52 AM",Kudos,Activity,11074382337
"Mar 31, 2024, 11:01:01 AM",Kudos,Activity,11074328912
"Mar 31, 2024, 11:01:05 AM",Kudos,Activity,11074328381
"Mar 31, 2024, 8:07:45 PM",Kudos,Activity,11078017677
"Mar 31, 2024, 8:08:03 PM",Kudos,Activity,11077117367
"Mar 31, 2024, 8:08:12 PM",Kudos,Activity,11077069468
"Mar 31, 2024, 8:08:23 PM",Kudos,Activity,11076553921
"Mar 31, 2024, 8:08:42 PM",Kudos,Activity,11075746778
"Mar 31, 2024, 10:30:16 PM",Kudos,Activity,11079426955
"Apr 10, 2024, 10:35:54 AM",Kudos,Activity,11146602993
"Apr 10, 2024, 8:41:53 PM",Kudos,Activity,11150344649
"Apr 10, 2024, 8:41:57 PM",Kudos,Activity,11149963659
"Apr 14, 2024, 2:57:51 PM",Kudos,Activity,11180965610
"Apr 14, 2024, 6:00:08 PM",Kudos,Activity,11182746904
"Apr 14, 2024, 6:00:23 PM",Kudos,Activity,11182572657
"Apr 14, 2024, 6:00:49 PM",Kudos,Activity,11181707023
"Apr 14, 2024, 6:00:59 PM",Kudos,Activity,11181644459
"Apr 14, 2024, 6:01:16 PM",Kudos,Activity,11180810290
"Apr 14, 2024, 6:01:26 PM",Kudos,Activity,11180583059
"Apr 14, 2024, 6:01:36 PM",Kudos,Activity,11181057240
"Apr 14, 2024, 6:01:48 PM",Kudos,Activity,11176060248
"Apr 14, 2024, 6:02:08 PM",Kudos,Activity,11176037089
"Apr 16, 2024, 1:51:31 PM",Kudos,Activity,11194886051
"Apr 17, 2024, 10:20:13 AM",Kudos,Activity,11198666010
"Apr 17, 2024, 10:21:15 AM",Kudos,Activity,11195398111
"Apr 17, 2024, 10:21:52 AM",Kudos,Activity,11195031329
"Apr 17, 2024, 10:22:25 AM",Kudos,Activity,11194310332
"Apr 17, 2024, 10:23:06 AM",Kudos,Activity,11198334803
"Apr 20, 2024, 2:54:48 AM",Kudos,Activity,11220401029
"Apr 20, 2024, 2:54:53 AM",Kudos,Activity,11220205376
"Apr 21, 2024, 8:35:28 PM",Kudos,Activity,11232466747
"Apr 22, 2024, 11:13:36 AM",Kudos,Activity,11235383570
"Apr 22, 2024, 11:13:48 AM",Kudos,Activity,11235343014
"Apr 22, 2024, 11:14:01 AM",Kudos,Activity,11235357984
"Apr 22, 2024, 11:14:08 AM",Kudos,Activity,11235383260
"Apr 22, 2024, 11:14:21 AM",Kudos,Activity,11235234005
"Apr 22, 2024, 11:14:42 AM",Kudos,Activity,11235062149
"Apr 22, 2024, 11:15:26 AM",Kudos,Activity,11233679502
"Apr 22, 2024, 11:15:49 AM",Kudos,Activity,11233579811
"Apr 22, 2024, 11:15:55 AM",Kudos,Activity,11233505015
"Apr 22, 2024, 11:16:41 AM",Kudos,Activity,11233483903
"Apr 22, 2024, 11:16:51 AM",Kudos,Activity,11233616580
"Apr 22, 2024, 11:16:57 AM",Kudos,Activity,11233612395
"Apr 22, 2024, 11:17:36 AM",Kudos,Activity,11232495799
"Apr 25, 2024, 7:22:28 PM",Kudos,Activity,11263386438
"Apr 25, 2024, 7:22:29 PM",Kudos,Activity,11262796172
"Apr 25, 2024, 7:22:32 PM",Kudos,Activity,11261709638
"Apr 25, 2024, 7:22:35 PM",Kudos,Activity,11261122734
"Apr 26, 2024, 9:21:18 PM",Kudos,Activity,11270698115
"Apr 26, 2024, 9:21:26 PM",Kudos,Activity,11267965844
"Apr 26, 2024, 9:21:27 PM",Kudos,Activity,11270834256
"Apr 26, 2024, 9:21:33 PM",Kudos,Activity,11270623878
"Apr 27, 2024, 1:38:50 PM",Kudos,Activity,11275291046
"Apr 27, 2024, 1:39:08 PM",Kudos,Activity,11274492961
"May 1, 2024, 1:58:35 AM",Kudos,Activity,11303193333
"May 1, 2024, 1:58:52 AM",Kudos,Activity,11303057142
"May 1, 2024, 1:58:56 AM",Kudos,Activity,11303032627
"May 2, 2024, 11:24:59 AM",Kudos,Activity,11314029551
"May 2, 2024, 11:25:02 AM",Kudos,Activity,11312224719
"May 2, 2024, 11:25:09 AM",Kudos,Activity,11312135968
"May 2, 2024, 11:25:35 AM",Kudos,Activity,11311932614
"May 2, 2024, 11:25:46 AM",Kudos,Activity,11311999934
"May 2, 2024, 11:25:48 AM",Kudos,Activity,11311922014
"May 2, 2024, 11:25:54 AM",Kudos,Activity,11311912164
"May 2, 2024, 11:26:00 AM",Kudos,Activity,11311732386
"May 2, 2024, 11:26:15 AM",Kudos,Activity,11311610591
"May 2, 2024, 11:26:40 AM",Kudos,Activity,11308805289
"May 2, 2024, 11:26:52 AM",Kudos,Activity,11308577267
"May 2, 2024, 11:26:56 AM",Kudos,Activity,11308696621
"May 7, 2024, 9:45:17 PM",Kudos,Activity,11354739242
"May 7, 2024, 9:45:23 PM",Kudos,Activity,11353143370
"May 7, 2024, 9:45:27 PM",Kudos,Activity,11353222899
"May 9, 2024, 12:06:01 PM",Kudos,Activity,11365503116
"May 9, 2024, 12:06:07 PM",Kudos,Activity,11365390466
"May 9, 2024, 12:06:15 PM",Kudos,Activity,11365397799
"May 9, 2024, 12:06:22 PM",Kudos,Activity,11365302530
"May 9, 2024, 12:06:32 PM",Kudos,Activity,11365238061
"May 9, 2024, 12:06:43 PM",Kudos,Activity,11365234047
"May 9, 2024, 12:06:47 PM",Kudos,Activity,11365164828
"May 9, 2024, 12:06:50 PM",Kudos,Activity,11366569138
"May 9, 2024, 12:07:03 PM",Kudos,Activity,11365499083
"May 9, 2024, 12:07:19 PM",Kudos,Activity,11365090401
"May 9, 2024, 12:07:42 PM",Kudos,Activity,11362129833
"May 9, 2024, 12:08:16 PM",Kudos,Activity,11361876519
"May 9, 2024, 12:08:24 PM",Kudos,Activity,11361500180
"May 10, 2024, 2:39:24 PM",Kudos,Activity,11377389866
"May 11, 2024, 4:07:33 PM",Kudos,Activity,11385265958
"May 11, 2024, 4:07:43 PM",Kudos,Activity,11385213587
"May 11, 2024, 4:07:48 PM",Kudos,Activity,11384927778
"May 11, 2024, 4:08:17 PM",Kudos,Activity,11385008560
"May 11, 2024, 4:08:28 PM",Kudos,Activity,11384488416
"May 11, 2024, 4:08:29 PM",Kudos,Activity,11384477586
"May 11, 2024, 4:08:33 PM",Kudos,Activity,11384387150
"May 11, 2024, 4:08:37 PM",Kudos,Activity,11383765707
"May 11, 2024, 4:08:39 PM",Kudos,Activity,11381905990
"May 11, 2024, 4:08:42 PM",Kudos,Activity,11381803537
"May 12, 2024, 11:22:21 AM",Kudos,Activity,11390004574
"May 12, 2024, 11:23:28 AM",Kudos,Activity,11389100959
"May 12, 2024, 11:24:04 AM",Kudos,Activity,11388585183
"May 12, 2024, 11:24:49 AM",Kudos,Activity,11388545118
"May 13, 2024, 11:22:49 AM",Kudos,Activity,11397791544
"May 13, 2024, 11:23:00 AM",Kudos,Activity,11397318429
"May 17, 2024, 12:05:10 AM",Kudos,Activity,11427295542
"May 17, 2024, 12:05:17 AM",Kudos,Activity,11427083504
"May 17, 2024, 12:05:30 AM",Kudos,Activity,11427006369
"May 17, 2024, 12:05:40 AM",Kudos,Activity,11426450639
"May 17, 2024, 12:05:58 AM",Kudos,Activity,11424798130
"May 17, 2024, 12:06:15 AM",Kudos,Activity,11424713285
"May 17, 2024, 12:06:16 AM",Kudos,Activity,11424675161
"May 17, 2024, 12:06:28 AM",Kudos,Activity,11424311195
"May 17, 2024, 12:06:29 AM",Kudos,Activity,11424128854
"May 19, 2024, 10:55:08 PM",Kudos,Activity,11450105393
"May 19, 2024, 10:55:22 PM",Kudos,Activity,11450538720
"May 20, 2024, 12:08:13 PM",Kudos,Activity,11451824801
"May 20, 2024, 12:08:16 PM",Kudos,Activity,11451569366
"May 20, 2024, 12:08:34 PM",Kudos,Activity,11450099972
"May 20, 2024, 12:09:01 PM",Kudos,Activity,11449728218
"May 20, 2024, 12:09:32 PM",Kudos,Activity,11448606046
"Jun 1, 2024, 4:29:48 PM",Kudos,Activity,11549175581
"Jun 1, 2024, 4:29:56 PM",Kudos,Activity,11548965662
"Jun 1, 2024, 4:30:01 PM",Kudos,Activity,11548946103
"Jun 1, 2024, 4:30:05 PM",Kudos,Activity,11548964427
"Jun 1, 2024, 5:07:23 PM",Kudos,Activity,11549451480
"Jun 1, 2024, 5:07:26 PM",Kudos,Activity,11549377752
"Jun 1, 2024, 5:07:31 PM",Kudos,Activity,11549267434
"Jun 1, 2024, 9:53:46 PM",Kudos,Activity,11550197584
"Jun 1, 2024, 9:53:55 PM",Kudos,Activity,11550176201
"Jun 1, 2024, 9:53:59 PM",Kudos,Activity,11550214952
"Jun 1, 2024, 9:54:14 PM",Kudos,Activity,11550327164
"Jun 1, 2024, 9:54:25 PM",Kudos,Activity,11549982259
"Jun 1, 2024, 9:54:33 PM",Kudos,Activity,11549977070
"Jun 3, 2024, 10:03:01 AM",Kudos,Activity,11560543491
"Jun 3, 2024, 2:57:34 PM",Kudos,Activity,11563616101
"Jun 5, 2024, 10:15:18 AM",Kudos,Activity,11576486536
"Jun 5, 2024, 10:15:44 AM",Kudos,Activity,11576434851
"Jun 5, 2024, 10:15:53 AM",Kudos,Activity,11576350630
"Jun 5, 2024, 10:16:07 AM",Kudos,Activity,11576221016
"Jun 5, 2024, 10:16:18 AM",Kudos,Activity,11575960124
"Jun 5, 2024, 10:16:24 AM",Kudos,Activity,11576468216
"Jun 5, 2024, 10:16:26 AM",Kudos,Activity,11575859142
"Jun 5, 2024, 10:16:31 AM",Kudos,Activity,11575792080
"Jun 5, 2024, 10:16:35 AM",Kudos,Activity,11575784298
"Jun 5, 2024, 6:11:29 PM",Kudos,Activity,11581300722
"Jun 5, 2024, 6:11:36 PM",Kudos,Activity,11581487428
"Jun 5, 2024, 6:11:40 PM",Kudos,Activity,11581002221
"Jun 5, 2024, 6:12:09 PM",Kudos,Activity,11578861727
"Jun 5, 2024, 6:12:11 PM",Kudos,Activity,11579388378
"Jun 5, 2024, 6:12:12 PM",Kudos,Activity,11579829540
"Jun 6, 2024, 11:13:05 AM",Kudos,Activity,11584967610
"Jun 8, 2024, 3:02:01 PM",Kudos,Activity,11604324369
"Jun 8, 2024, 3:02:05 PM",Kudos,Activity,11604167086
"Jun 8, 2024, 3:02:10 PM",Kudos,Activity,11603994360
"Jun 8, 2024, 3:02:13 PM",Kudos,Activity,11603734717
"Jun 8, 2024, 3:02:16 PM",Kudos,Activity,11603772619
"Jun 8, 2024, 3:02:27 PM",Kudos,Activity,11603720277
"Jun 8, 2024, 3:02:35 PM",Kudos,Activity,11603377307
"Jun 8, 2024, 3:03:15 PM",Kudos,Activity,11604251354
"Jun 8, 2024, 3:03:19 PM",Kudos,Activity,11603033755
"Jun 9, 2024, 3:42:21 PM",Kudos,Activity,11612840253
"Jun 10, 2024, 12:08:16 PM",Kudos,Activity,11616732782
"Jun 10, 2024, 12:09:12 PM",Kudos,Activity,11616035819
"Jun 10, 2024, 12:19:41 PM",Kudos,Activity,11615880324
"Jun 10, 2024, 12:19:47 PM",Kudos,Activity,11615328765
"Jun 10, 2024, 12:20:16 PM",Kudos,Activity,11615074766
"Jun 10, 2024, 12:20:29 PM",Kudos,Activity,11614860774
"Jun 10, 2024, 12:20:34 PM",Kudos,Activity,11613903449
"Jun 10, 2024, 12:20:38 PM",Kudos,Activity,11613803411
"Jun 10, 2024, 12:20:51 PM",Kudos,Activity,11614535959
"Jun 10, 2024, 12:21:08 PM",Kudos,Activity,11613579090
"Jun 11, 2024, 10:15:29 AM",Kudos,Activity,11622900154
"Jun 11, 2024, 12:44:16 PM",Kudos,Activity,11626347730
"Jun 11, 2024, 12:44:19 PM",Kudos,Activity,11626159792
"Jun 11, 2024, 12:44:34 PM",Kudos,Activity,11625662481
"Jun 11, 2024, 12:44:36 PM",Kudos,Activity,11625693849
"Jun 11, 2024, 12:44:42 PM",Kudos,Activity,11624572694
"Jun 13, 2024, 12:30:21 PM",Kudos,Activity,11642553822
"Jun 13, 2024, 12:30:45 PM",Kudos,Activity,11642053398
"Jun 13, 2024, 12:30:46 PM",Kudos,Activity,11641953591
"Jun 13, 2024, 12:31:01 PM",Kudos,Activity,11640688308
"Oct 7, 2022, 3:13:08 AM",Like,Comment,1394219454
"Oct 23, 2022, 1:30:18 AM",Like,Comment,1404873751
"Dec 7, 2022, 11:17:05 PM",Like,Comment,1430988814
"Feb 6, 2023, 5:28:11 PM",Like,Comment,1464755797
"Feb 8, 2023, 12:57:55 PM",Like,Comment,1465514666
"Feb 8, 2023, 12:57:56 PM",Like,Comment,1465514882
"Feb 12, 2023, 1:53:23 PM",Like,Comment,1467982883
"Feb 19, 2023, 5:39:08 PM",Like,Comment,1473007176
"Feb 19, 2023, 5:39:08 PM",Like,Comment,1473085756
"Apr 1, 2023, 11:47:51 AM",Like,Comment,1499778624
"May 21, 2023, 8:22:40 PM",Like,Comment,1540110930
"Jun 5, 2023, 11:12:03 AM",Like,Comment,1551648057
"Jun 17, 2023, 3:09:22 PM",Like,Comment,1561036093
"Jul 1, 2023, 5:23:19 PM",Like,Comment,1571850607
"Jul 4, 2023, 1:28:47 PM",Like,Comment,1574246045
"Jul 6, 2023, 12:39:03 PM",Like,Comment,1575018079
"Jul 8, 2023, 6:14:57 PM",Like,Comment,1577133766
"Jul 18, 2023, 10:35:58 AM",Like,Comment,1584338380
"Jul 23, 2023, 3:06:25 PM",Like,Comment,1588430460
"Jul 30, 2023, 7:30:46 PM",Like,Comment,1593639588
"Jul 31, 2023, 2:08:46 AM",Like,Comment,1593967522
"Aug 5, 2023, 6:22:39 PM",Like,Comment,1597905989
"Aug 16, 2023, 10:54:57 AM",Like,Comment,1606191838
"Aug 17, 2023, 12:16:10 AM",Like,Comment,1606832891
"Aug 17, 2023, 12:51:04 PM",Like,Comment,1606932727
"Aug 26, 2023, 1:54:12 AM",Like,Comment,1613507143
"Aug 26, 2023, 1:54:09 AM",Like,Comment,1613505129
"Aug 26, 2023, 1:54:08 AM",Like,Comment,1613504900
"Aug 26, 2023, 1:54:11 AM",Like,Comment,1613506220
"Aug 26, 2023, 8:35:42 PM",Like,Comment,1614193485
"Aug 28, 2023, 11:05:33 AM",Like,Comment,1614399175
"Sep 2, 2023, 5:44:40 AM",Like,Comment,1618713339
"Sep 10, 2023, 1:28:55 AM",Like,Comment,1625263491
"Sep 16, 2023, 9:57:35 PM",Like,Comment,1630554954
"Sep 23, 2023, 10:50:27 PM",Like,Comment,1636168068
"Sep 23, 2023, 10:50:28 PM",Like,Comment,1636191435
"Sep 23, 2023, 11:54:09 PM",Like,Comment,1636243756
"Sep 24, 2023, 12:39:09 AM",Like,Comment,1636265385
"Sep 24, 2023, 1:14:02 PM",Like,Comment,1636265678
"Sep 30, 2023, 6:30:30 PM",Like,Comment,1641263186
"Oct 12, 2023, 2:59:18 PM",Like,Comment,1650308767
"Oct 22, 2023, 12:18:35 PM",Like,Comment,1657066060
"Oct 22, 2023, 12:18:41 PM",Like,Comment,1657066228
"Oct 22, 2023, 12:18:47 PM",Like,Comment,1657067008
"Oct 28, 2023, 5:25:37 PM",Like,Comment,1661405659
"Oct 28, 2023, 7:23:55 PM",Like,Comment,1661499515
"Oct 28, 2023, 9:32:11 PM",Like,Comment,1661602333
"Nov 2, 2023, 3:06:21 AM",Like,Comment,1664457946
"Nov 5, 2023, 8:34:54 PM",Like,Comment,1665915196
"Nov 20, 2023, 12:08:14 AM",Like,Comment,1675925965
"Nov 25, 2023, 12:14:34 AM",Like,Comment,1678242005
"Nov 25, 2023, 12:14:33 AM",Like,Comment,1678214408
"Dec 3, 2023, 6:09:14 PM",Like,Comment,1683712312
"Dec 3, 2023, 6:09:12 PM",Like,Comment,1683639598
"Dec 3, 2023, 6:09:13 PM",Like,Comment,1683678597
"Dec 3, 2023, 9:02:26 PM",Like,Comment,1683841758
"Dec 3, 2023, 9:02:24 PM",Like,Comment,1683761391
"Dec 4, 2023, 12:26:59 PM",Like,Comment,1684037156
"Dec 4, 2023, 12:26:58 PM",Like,Comment,1683996693
"Dec 4, 2023, 12:27:01 PM",Like,Comment,1684090269
"Dec 8, 2023, 11:20:16 PM",Like,Comment,1686116890
"Dec 8, 2023, 11:20:06 PM",Like,Comment,1686226690
"Dec 15, 2023, 6:47:32 PM",Like,Comment,1689495132
"Dec 15, 2023, 6:47:33 PM",Like,Comment,1689505422
"Dec 15, 2023, 6:47:30 PM",Like,Comment,1689486338
"Dec 15, 2023, 6:47:34 PM",Like,Comment,1689519603
"Dec 16, 2023, 12:17:07 PM",Like,Comment,1689680840
"Dec 21, 2023, 11:12:36 PM",Like,Comment,1692679188
"Dec 25, 2023, 9:46:19 PM",Like,Comment,1694742732
"Dec 25, 2023, 9:46:22 PM",Like,Comment,1694746029
"Dec 25, 2023, 9:46:26 PM",Like,Comment,1694804517
"Dec 26, 2023, 2:46:49 AM",Like,Comment,1694879600
"Dec 27, 2023, 5:42:25 AM",Like,Comment,1694932890
"Dec 28, 2023, 6:02:41 PM",Like,Comment,1695895852
"Dec 28, 2023, 6:53:57 PM",Like,Comment,1695940362
"Jan 1, 2024, 7:35:32 PM",Like,Comment,1699125848
"Jan 2, 2024, 5:12:02 PM",Like,Comment,1699564467
"Jan 3, 2024, 1:00:49 PM",Like,Comment,1699657571
"Jan 4, 2024, 3:36:50 PM",Like,Comment,1700382610
"Jan 8, 2024, 5:09:33 PM",Like,Comment,1703383088
"Jan 8, 2024, 5:09:32 PM",Like,Comment,1703357949
"Jan 8, 2024, 7:24:23 PM",Like,Comment,1703405277
"Jan 9, 2024, 5:06:58 PM",Like,Comment,1703904863
"Jan 15, 2024, 12:37:40 PM",Like,Comment,1707425291
"Jan 15, 2024, 12:37:52 PM",Like,Comment,1707466799
"Jan 15, 2024, 12:37:35 PM",Like,Comment,1707403621
"Jan 19, 2024, 12:29:50 AM",Like,Comment,1709346900
"Jan 20, 2024, 5:43:34 PM",Like,Comment,1710622494
"Jan 20, 2024, 5:43:30 PM",Like,Comment,1710622625
"Jan 20, 2024, 5:43:33 PM",Like,Comment,1710609989
"Jan 21, 2024, 12:41:10 AM",Like,Comment,1710753193
"Jan 21, 2024, 1:28:17 PM",Like,Comment,1711013970
"Feb 5, 2024, 11:31:27 AM",Like,Comment,1721467568
"Feb 5, 2024, 2:36:36 PM",Like,Comment,1721705994
"Feb 6, 2024, 3:41:33 PM",Like,Comment,1722039061
"Feb 7, 2024, 10:03:22 PM",Like,Comment,1722778707
"Feb 7, 2024, 10:03:24 PM",Like,Comment,1722842279
"Feb 7, 2024, 10:03:23 PM",Like,Comment,1722817080
"Feb 11, 2024, 12:28:10 AM",Like,Comment,1724924039
"Feb 11, 2024, 12:28:13 AM",Like,Comment,1724931083
"Feb 11, 2024, 3:28:46 AM",Like,Comment,1724993543
"Feb 11, 2024, 3:28:54 AM",Like,Comment,1725047264
"Feb 11, 2024, 3:28:47 AM",Like,Comment,1725003924
"Feb 11, 2024, 3:28:52 AM",Like,Comment,1725016399
"Feb 17, 2024, 11:13:39 PM",Like,Comment,1729508835
"Feb 17, 2024, 11:13:41 PM",Like,Comment,1729684773
"Feb 17, 2024, 11:13:40 PM",Like,Comment,1729600393
"Feb 22, 2024, 12:12:33 PM",Like,Comment,1732648686
"Feb 24, 2024, 11:27:16 PM",Like,Comment,1734425445
"Feb 26, 2024, 5:42:54 PM",Like,Comment,1736241668
"Feb 26, 2024, 7:51:32 PM",Like,Comment,1736258141
"Feb 26, 2024, 7:51:33 PM",Like,Comment,1736272761
"Mar 10, 2024, 7:52:15 PM",Like,Comment,1746385244
"Mar 11, 2024, 1:32:13 AM",Like,Comment,1746439036
"Mar 11, 2024, 1:32:20 AM",Like,Comment,1746528262
"Mar 11, 2024, 1:32:22 AM",Like,Comment,1746536388
"Mar 11, 2024, 1:32:16 AM",Like,Comment,1746441063
"Mar 11, 2024, 1:32:12 AM",Like,Comment,1746421725
"Mar 11, 2024, 1:32:14 AM",Like,Comment,1746439221
"Mar 11, 2024, 1:32:24 AM",Like,Comment,1746556120
"Mar 11, 2024, 1:32:27 AM",Like,Comment,1746585408
"Mar 11, 2024, 1:32:19 AM",Like,Comment,1746452265
"Mar 11, 2024, 1:32:18 AM",Like,Comment,1746499745
"Mar 11, 2024, 1:32:29 AM",Like,Comment,1746601564
"Mar 11, 2024, 11:28:54 AM",Like,Comment,1746688020
"Mar 24, 2024, 11:55:21 PM",Like,Comment,1757878189
"Mar 31, 2024, 10:30:04 PM",Like,Comment,1763154775
"Apr 12, 2024, 5:44:03 PM",Like,Comment,1772671757
"Apr 14, 2024, 4:59:51 PM",Like,Comment,1775487012
"Apr 16, 2024, 1:49:21 PM",Like,Comment,1777291129
"Apr 22, 2024, 11:12:35 AM",Like,Comment,1782664265
"May 11, 2024, 4:07:17 PM",Like,Comment,1800233966
"May 13, 2024, 11:22:34 AM",Like,Comment,1801412534
"May 16, 2024, 6:10:44 PM",Like,Comment,1804309573
"May 17, 2024, 12:04:40 AM",Like,Comment,1804691975
"May 21, 2024, 10:07:43 AM",Like,Comment,1808779533
"May 28, 2024, 5:01:26 AM",Like,Comment,1814588817
